Accession,Host
NC_110914,Escherichia coli
NC_130755,Pasteurella multocida
NC_103776,Enterococcus faecium
NC_105858,Enterococcus faecium
NC_109279,Enterococcus faecium
NC_100732,Escherichia coli
NC_104261,Mediterraneibacter gnavus
NC_093712,Escherichia coli
NC_093713,Escherichia coli
NC_096890,Streptomyces lividans
NC_104951,Vibrio parahaemolyticus
NC_128954,Xanthomonas arboricola
NC_096909,Microbacterium paraoxydans
NC_111672,Klebsiella oxytoca
NC_079174,Erwinia amylovora
NC_079175,Escherichia coli
NC_079176,Escherichia coli
NC_079177,Yersinia pseudotuberculosis
NC_079178,Yersinia pseudotuberculosis
NC_079179,Yersinia pseudotuberculosis
NC_079180,Escherichia coli
NC_079181,Escherichia coli
NC_079182,Escherichia sp.
NC_079183,Escherichia coli
NC_079184,Escherichia coli
NC_079185,Vibrio parahaemolyticus
NC_079186,Aeromonas veronii
NC_079187,Aeromonas hydrophila
NC_079188,Aeromonas hydrophila
NC_079140,Gordonia rubripertincta
NC_079141,Gordonia rubripertincta
NC_079142,Gordonia terrae
NC_079143,Gordonia terrae
NC_079144,Gordonia terrae
NC_079145,Gordonia terrae
NC_079146,Gordonia terrae
NC_074762,Xanthomonas citri
NC_074763,Pseudomonas aeruginosa
NC_074765,Escherichia coli
NC_075031,Escherichia coli
NC_075032,Escherichia coli
NC_075033,Escherichia coli
NC_074742,Pseudomonas aeruginosa
NC_074743,Pseudomonas aeruginosa
NC_074744,Pseudomonas aeruginosa
NC_074745,Pseudomonas aeruginosa
NC_074746,Pseudomonas aeruginosa
NC_074747,Pseudomonas aeruginosa
NC_074748,Pseudomonas aeruginosa
NC_074749,Pseudomonas aeruginosa
NC_074750,Pseudomonas aeruginosa
NC_074751,Serratia marcescens
NC_074752,Serratia marcescens
NC_074753,Serratia marcescens
NC_074754,Serratia marcescens
NC_074755,Serratia marcescens
NC_074756,Serratia marcescens
NC_074757,Serratia marcescens
NC_074758,Serratia marcescens
NC_073747,Salmonella enterica
NC_073748,Vibrio cholerae
NC_073749,Vibrio cholerae
NC_073750,Vibrio cholerae
NC_073751,Erwinia amylovora
NC_073752,Xanthomonas citri
NC_073754,Xanthomonas campestris
NC_073755,Xanthomonas campestris
NC_073756,Pseudomonas aeruginosa
NC_073757,Ralstonia solanacearum
NC_073758,Vibrio anguillarum
NC_073759,Vibrio alginolyticus
NC_073760,Vibrio alginolyticus
NC_074560,Bacillus cereus
NC_074561,Bacillus cereus
NC_074632,Acidianus brierleyi
NC_074633,Metallosphaera sedula
NC_074634,Saccharolobus solfataricus
NC_074637,Pyrobaculum arsenaticum
NC_074641,Methanocaldococcus fervens
NC_074642,Methanoculleus bourgensis
NC_074643,Promethearchaeati archaeon
NC_074644,Promethearchaeati archaeon
NC_074645,Promethearchaeati archaeon
NC_074646,Natrinema sp. J7-1
NC_074647,Haloarcula hispanica
NC_074651,Natrinema thermotolerans
NC_074652,Natrinema versiforme
NC_074653,Pyrobaculum arsenaticum
NC_074654,Thermoproteus sp. CP80
NC_074656,Nitrosopumilus sp.
NC_074657,Nitrosopumilus sp.
NC_074658,Pseudomonas syringae
NC_074659,Pseudomonas sp. ANT_H14
NC_074661,Pseudomonas syringae
NC_074662,Pseudomonas aeruginosa
NC_074663,Pseudomonas aeruginosa
NC_074664,Pseudomonas aeruginosa
NC_073672,Pseudomonas aeruginosa
NC_073675,Pseudomonas aeruginosa
NC_073676,Pseudomonas sp.
NC_073601,Pseudomonas aeruginosa
NC_073602,Pseudomonas aeruginosa
NC_073603,Pseudomonas aeruginosa
NC_073604,Pseudomonas aeruginosa
NC_073605,Pseudomonas aeruginosa
NC_073606,Pseudomonas aeruginosa
NC_073607,Pseudomonas aeruginosa
NC_073608,Pseudomonas aeruginosa
NC_073609,Pseudomonas aeruginosa
NC_073610,Pseudomonas aeruginosa
NC_073611,Pseudomonas aeruginosa
NC_073612,Pseudomonas aeruginosa
NC_073613,Pseudomonas aeruginosa
NC_073614,Pseudomonas aeruginosa
NC_073615,Pseudomonas aeruginosa
NC_073616,Pseudomonas aeruginosa
NC_073618,Pseudomonas aeruginosa
NC_073619,Pseudomonas aeruginosa
NC_073620,Pseudomonas aeruginosa
NC_073621,Pseudomonas aeruginosa
NC_073622,Pseudomonas aeruginosa
NC_073623,Pseudomonas aeruginosa
NC_073595,Arthrobacter globiformis
NC_073596,Arthrobacter globiformis
NC_073598,Arthrobacter globiformis
NC_073599,Arthrobacter globiformis
NC_073600,Arthrobacter globiformis
NC_073483,Streptomyces sanglieri
NC_073484,Streptomyces sanglieri
NC_073485,Streptomyces sanglieri
NC_073486,Streptomyces sanglieri
NC_073487,Streptomyces sanglieri
NC_073488,Streptomyces sanglieri
NC_073489,Streptomyces sanglieri
NC_073490,Streptomyces sanglieri
NC_073588,Arthrobacter globiformis
NC_073589,Arthrobacter globiformis
NC_073590,Arthrobacter globiformis
NC_073591,Arthrobacter globiformis
NC_073592,Arthrobacter globiformis
NC_073593,Arthrobacter globiformis
NC_073594,Arthrobacter globiformis
NC_073476,Curtobacterium sp.
NC_073477,Curtobacterium sp.
NC_073478,Bifidobacterium dentium
NC_073479,Glutamicibacter arilaitensis
NC_073456,Rhodococcus erythropolis
NC_073457,Streptomyces venezuelae
NC_073458,Corynebacterium flavescens
NC_073459,Gordonia terrae
NC_073460,Microbacterium paraoxydans
NC_073461,Streptomyces lividans
NC_073462,Streptomyces lividans
NC_073463,Mycolicibacterium smegmatis
NC_073464,Mycolicibacterium smegmatis
NC_073465,Mycolicibacterium smegmatis
NC_073466,Microbacterium radiodurans
NC_073467,Microbacterium foliorum
NC_073468,Microbacterium paraoxydans
NC_073469,Arthrobacter globiformis
NC_073470,Microbacterium paraoxydans
NC_073471,Rothia dentocariosa
NC_073472,Streptomyces lividans
NC_073473,Streptomyces scabiei
NC_073474,Gordonia rubripertincta
NC_073475,Rhodococcus opacus
NC_073427,Microbacterium testaceum
NC_073428,Microbacterium foliorum
NC_073429,Microbacterium foliorum
NC_073430,Microbacterium foliorum
NC_073431,Microbacterium foliorum
NC_073432,Microbacterium foliorum
NC_073433,Microbacterium foliorum
NC_073434,Microbacterium foliorum
NC_073435,Microbacterium foliorum
NC_073436,Microbacterium foliorum
NC_073437,Microbacterium foliorum
NC_073438,Microbacterium foliorum
NC_073439,Microbacterium foliorum
NC_073440,Microbacterium foliorum
NC_073441,Microbacterium foliorum
NC_073442,Microbacterium foliorum
NC_073443,Microbacterium foliorum
NC_073444,Microbacterium foliorum
NC_073445,Microbacterium foliorum
NC_073446,Microbacterium foliorum
NC_073447,Microbacterium foliorum
NC_073448,Microbacterium foliorum
NC_073449,Microbacterium foliorum
NC_073450,Microbacterium foliorum
NC_073451,Microbacterium foliorum
NC_073452,Microbacterium foliorum
NC_073453,Microbacterium foliorum
NC_073454,Microbacterium foliorum
NC_073455,Microbacterium foliorum
NC_073362,Microbacterium paraoxydans
NC_073363,Microbacterium foliorum
NC_073364,Microbacterium paraoxydans
NC_073365,Microbacterium foliorum
NC_073366,Microbacterium foliorum
NC_073367,Microbacterium paraoxydans
NC_073368,Microbacterium paraoxydans
NC_073369,Microbacterium foliorum
NC_073370,Microbacterium foliorum
NC_073371,Microbacterium foliorum
NC_073372,Microbacterium foliorum
NC_073373,Microbacterium paraoxydans
NC_073374,Microbacterium paraoxydans
NC_073375,Microbacterium paraoxydans
NC_073376,Microbacterium paraoxydans
NC_073314,Escherichia coli
NC_073315,Escherichia coli
NC_073316,Escherichia coli
NC_073317,Escherichia coli
NC_073318,Escherichia coli
NC_073319,Escherichia coli
NC_073320,Escherichia coli
NC_073321,Escherichia coli
NC_073322,Escherichia coli
NC_073323,Escherichia coli
NC_073324,Escherichia coli
NC_073325,Escherichia coli
NC_073093,Xanthomonas translucens
NC_073094,Xanthomonas translucens
NC_073095,Xanthomonas translucens
NC_073169,Salmonella sp.
NC_073170,Salmonella enterica
NC_073171,Salmonella enterica
NC_073172,Salmonella enterica
NC_073173,Salmonella enterica
NC_073174,Salmonella enterica
NC_073175,Salmonella enterica
NC_073176,Salmonella enterica
NC_073177,Salmonella enterica
NC_073178,Salmonella enterica
NC_073179,Salmonella enterica
NC_073180,Salmonella enterica
NC_073181,Salmonella enterica
NC_073182,Salmonella enterica
NC_073183,Salmonella enterica
NC_073184,Salmonella sp.
NC_073185,Salmonella enterica
NC_073186,Salmonella enterica
NC_073187,Salmonella enterica
NC_073188,Salmonella enterica
NC_073189,Salmonella enterica
NC_073190,Salmonella enterica
NC_073192,Salmonella enterica
NC_073193,Salmonella sp.
NC_073194,Salmonella sp.
NC_073195,Salmonella enterica
NC_073196,Salmonella enterica
NC_073197,Salmonella enterica
NC_073198,Salmonella enterica
NC_073199,Salmonella enterica
NC_073200,Salmonella enterica
NC_073201,Salmonella enterica
NC_073202,Salmonella enterica
NC_073203,Salmonella enterica
NC_073204,Salmonella enterica
NC_073205,Salmonella enterica
NC_073206,Salmonella sp.
NC_073207,Salmonella sp.
NC_073208,Salmonella enterica
NC_073209,Salmonella enterica
NC_073210,Salmonella enterica
NC_073211,Salmonella enterica
NC_073212,Salmonella enterica
NC_073213,Salmonella enterica
NC_073214,Salmonella enterica
NC_073215,Salmonella enterica
NC_073216,Salmonella enterica
NC_073217,Salmonella enterica
NC_073218,Salmonella enterica
NC_073219,Salmonella enterica
NC_073050,Bacillus subtilis
NC_073051,Escherichia coli
NC_073052,Escherichia coli
NC_073053,Escherichia coli
NC_073054,Escherichia coli
NC_073055,Escherichia coli
NC_073056,Escherichia coli
NC_073057,Escherichia coli
NC_073058,Escherichia coli
NC_073059,Escherichia coli
NC_073060,Escherichia coli
NC_073061,Escherichia coli
NC_073062,Escherichia coli
NC_073063,Escherichia coli
NC_073064,Escherichia coli
NC_073065,Escherichia coli
NC_073066,Escherichia coli
NC_073067,Escherichia coli
NC_073068,Escherichia coli
NC_073070,Escherichia coli
NC_073071,Escherichia coli
NC_073072,Escherichia coli
NC_073073,Escherichia coli
NC_073074,Escherichia coli
NC_073075,Escherichia coli
NC_073076,Escherichia coli
NC_073078,Escherichia coli
NC_073079,Escherichia coli
NC_073080,Escherichia coli
NC_073081,Escherichia coli
NC_073082,Shigella boydii
NC_073083,Escherichia coli
NC_073084,Escherichia coli
NC_073085,Escherichia coli
NC_073086,Escherichia coli
NC_073087,Escherichia coli
NC_073088,Escherichia sp.
NC_073089,Escherichia coli
NC_073090,Bacillus anthracis
NC_073091,Bacillus thuringiensis
NC_072809,Pseudomonas aeruginosa
NC_072810,Pseudomonas aeruginosa
NC_072811,Escherichia coli
NC_072498,Pseudomonas aeruginosa
NC_072499,Xanthomonas arboricola
NC_072500,Pseudomonas aeruginosa
NC_072501,Pseudomonas aeruginosa
NC_072502,Pseudomonas putida
NC_072503,Sphingomonas turrisvirgatae
NC_072504,Stenotrophomonas maltophilia
NC_071142,Klebsiella pneumoniae
NC_071144,Klebsiella pneumoniae
NC_071145,Klebsiella pneumoniae
NC_071146,Klebsiella pneumoniae
NC_071147,Klebsiella pneumoniae
NC_071148,Klebsiella pneumoniae
NC_071149,Klebsiella pneumoniae
NC_071150,Klebsiella sp.
NC_071151,Klebsiella pneumoniae
NC_071152,Klebsiella pneumoniae
NC_071153,Klebsiella pneumoniae
NC_071154,Klebsiella pneumoniae
NC_071155,Klebsiella pneumoniae
NC_071156,Klebsiella pneumoniae
NC_071157,Klebsiella pneumoniae
NC_071128,Klebsiella pneumoniae
NC_071129,Klebsiella pneumoniae
NC_071131,Klebsiella pneumoniae
NC_071132,Klebsiella pneumoniae
NC_071133,Klebsiella pneumoniae
NC_071135,Klebsiella pneumoniae
NC_071136,Klebsiella pneumoniae
NC_071138,Klebsiella pneumoniae
NC_071139,Klebsiella pneumoniae
NC_071140,Escherichia sp.
NC_071141,Klebsiella pneumoniae
NC_071036,Stenotrophomonas maltophilia
NC_071037,Salmonella enterica
NC_071038,Salmonella enterica
NC_071039,Pseudomonas aeruginosa
NC_071040,Bacillus cereus
NC_071041,Bacillus cereus
NC_071042,Bacillus anthracis
NC_071043,Bacillus cereus
NC_071044,Bacillus anthracis
NC_071045,Bacillus cereus
NC_071046,Bacillus anthracis
NC_071047,Bacillus anthracis
NC_071048,Bacillus anthracis
NC_071049,Sutcliffiella cohnii
NC_071050,Bacillus subtilis
NC_071051,Streptococcus thermophilus
NC_071052,Streptococcus thermophilus
NC_071053,Streptococcus thermophilus
NC_071054,Streptococcus thermophilus
NC_071055,Streptococcus thermophilus
NC_071056,Streptococcus thermophilus
NC_071057,Streptococcus thermophilus
NC_071058,Streptococcus thermophilus
NC_071059,Streptococcus thermophilus
NC_071060,Streptococcus thermophilus
NC_071061,Streptococcus thermophilus
NC_071062,Streptococcus thermophilus
NC_071063,Streptococcus thermophilus
NC_071064,Streptococcus thermophilus
NC_071065,Streptococcus thermophilus
NC_071066,Streptococcus thermophilus
NC_071067,Streptococcus thermophilus
NC_071068,Streptococcus thermophilus
NC_071069,Streptococcus thermophilus
NC_071070,Streptococcus thermophilus
NC_071071,Streptococcus thermophilus
NC_071072,Streptococcus thermophilus
NC_071073,Streptococcus thermophilus
NC_071074,Streptococcus thermophilus
NC_071075,Streptococcus thermophilus
NC_071076,Streptococcus thermophilus
NC_071077,Streptococcus thermophilus
NC_071078,Streptococcus thermophilus
NC_071079,Streptococcus thermophilus
NC_071080,Streptococcus thermophilus
NC_071081,Streptococcus thermophilus
NC_071082,Streptococcus thermophilus
NC_071083,Streptococcus thermophilus
NC_071084,Streptococcus thermophilus
NC_071085,Streptococcus thermophilus
NC_071086,Streptococcus thermophilus
NC_070654,Streptococcus thermophilus
NC_070655,Streptococcus thermophilus
NC_070656,Streptococcus thermophilus
NC_070657,Streptococcus thermophilus
NC_070658,Streptococcus thermophilus
NC_070659,Streptococcus thermophilus
NC_070660,Streptococcus thermophilus
NC_070661,Streptococcus thermophilus
NC_070662,Streptococcus thermophilus
NC_070663,Streptococcus thermophilus
NC_070664,Streptococcus thermophilus
NC_070665,Streptococcus thermophilus
NC_070666,Streptococcus thermophilus
NC_070667,Streptococcus thermophilus
NC_070668,Streptococcus thermophilus
NC_070669,Streptococcus thermophilus
NC_070670,Streptococcus thermophilus
NC_070671,Streptococcus thermophilus
NC_070672,Streptococcus thermophilus
NC_070673,Streptococcus thermophilus
NC_070674,Streptococcus thermophilus
NC_070675,Streptococcus thermophilus
NC_070676,Streptococcus thermophilus
NC_070677,Streptococcus thermophilus
NC_070678,Streptococcus thermophilus
NC_070679,Streptococcus thermophilus
NC_070680,Streptococcus thermophilus
NC_070681,Streptococcus thermophilus
NC_070682,Streptococcus thermophilus
NC_070683,Streptococcus thermophilus
NC_070684,Streptococcus thermophilus
NC_070685,Streptococcus thermophilus
NC_070686,Streptococcus thermophilus
NC_070687,Streptococcus thermophilus
NC_070688,Streptococcus thermophilus
NC_070689,Streptococcus thermophilus
NC_070690,Streptococcus thermophilus
NC_070691,Streptococcus thermophilus
NC_070692,Streptococcus thermophilus
NC_070693,Streptococcus thermophilus
NC_070694,Streptococcus thermophilus
NC_070695,Streptococcus thermophilus
NC_070696,Streptococcus thermophilus
NC_070697,Streptococcus thermophilus
NC_070698,Streptococcus thermophilus
NC_070699,Streptococcus thermophilus
NC_070700,Streptococcus thermophilus
NC_070701,Streptococcus thermophilus
NC_070702,Streptococcus thermophilus
NC_070703,Streptococcus thermophilus
NC_070704,Streptococcus thermophilus
NC_070705,Streptococcus thermophilus
NC_070706,Streptococcus thermophilus
NC_070707,Streptococcus thermophilus
NC_070708,Streptococcus thermophilus
NC_070709,Streptococcus thermophilus
NC_070710,Streptococcus thermophilus
NC_070711,Streptococcus thermophilus
NC_070712,Streptococcus thermophilus
NC_070713,Streptococcus thermophilus
NC_070714,Streptococcus thermophilus
NC_070715,Streptococcus thermophilus
NC_070716,Streptococcus thermophilus
NC_070717,Streptococcus thermophilus
NC_070718,Streptococcus thermophilus
NC_070719,Streptococcus thermophilus
NC_070720,Streptococcus thermophilus
NC_070721,Streptococcus thermophilus
NC_070722,Streptococcus thermophilus
NC_070723,Streptococcus thermophilus
NC_070724,Streptococcus thermophilus
NC_070725,Streptococcus thermophilus
NC_070726,Streptococcus thermophilus
NC_070758,Vibrio parahaemolyticus
NC_070759,Aeromonas sp.
NC_070760,Arthrobacter globiformis
NC_070761,Gordonia malaquae
NC_070762,Gordonia terrae
NC_070763,Gordonia terrae
NC_070764,Gordonia terrae
NC_070765,Mycolicibacterium smegmatis
NC_070766,Paeniglutamicibacter sulfureus
NC_070767,Paeniglutamicibacter sulfureus
NC_070770,Arthrobacter globiformis
NC_070771,Arthrobacter globiformis
NC_070772,Vibrio parahaemolyticus
NC_070773,Vibrio alginolyticus
NC_070774,Vibrio parahaemolyticus
NC_070775,Microbacterium sp. R1
NC_070776,Kosakonia cowanii
NC_070777,Enterobacter hormaechei
NC_070778,Enterobacter cloacae
NC_070779,Salmonella enterica
NC_070780,Escherichia coli
NC_070781,Streptomyces sanglieri
NC_070782,Streptomyces venezuelae
NC_070783,Streptomyces lividans
NC_070784,Streptomyces mirabilis
NC_070785,Streptomyces sanglieri
NC_070786,Streptomyces sanglieri
NC_070787,Gordonia terrae
NC_070788,Gordonia terrae
NC_070789,Gordonia terrae
NC_070790,Gordonia terrae
NC_070791,Gordonia terrae
NC_070792,Gordonia terrae
NC_070793,Gordonia terrae
NC_070794,Gordonia terrae
NC_070795,Gordonia terrae
NC_070796,Gordonia terrae
NC_070797,Gordonia terrae
NC_070798,Gordonia terrae
NC_070799,Gordonia terrae
NC_070800,Gordonia terrae
NC_070801,Gordonia terrae
NC_070802,Gordonia terrae
NC_070803,Gordonia terrae
NC_070804,Gordonia terrae
NC_070805,Gordonia rubripertincta
NC_070806,Gordonia terrae
NC_070807,Gordonia terrae
NC_070808,Gordonia terrae
NC_070809,Gordonia rubripertincta
NC_070810,Gordonia terrae
NC_070811,Gordonia terrae
NC_070813,Gordonia terrae
NC_070814,Gordonia terrae
NC_070815,Gordonia rubripertincta
NC_070816,Gordonia terrae
NC_070817,Gordonia terrae
NC_070818,Gordonia terrae
NC_070819,Gordonia terrae
NC_070821,Pseudoalteromonas sp.
NC_070822,Pseudoalteromonas phenolica
NC_070823,Pseudoalteromonas sp.
NC_070824,Pseudoalteromonas atlantica
NC_070828,Streptomyces platensis
NC_070829,Streptomyces griseofuscus
NC_070830,Streptomyces mirabilis
NC_070831,Arthrobacter globiformis
NC_070832,Arthrobacter globiformis
NC_070833,Arthrobacter globiformis
NC_070834,Arthrobacter globiformis
NC_070835,Arthrobacter globiformis
NC_070836,Arthrobacter globiformis
NC_070837,Arthrobacter globiformis
NC_070838,Arthrobacter globiformis
NC_070839,Synechococcus sp. CB0101
NC_070840,Aeromonas hydrophila
NC_070841,Bacillus cereus
NC_070842,Bacillus anthracis
NC_070843,Bacillus cereus
NC_070844,Bacillus cereus
NC_070845,Bacillus cereus
NC_070846,Salmonella enterica
NC_070847,Stenotrophomonas maltophilia
NC_070848,Vibrio alginolyticus
NC_070849,Alcaligenes faecalis
NC_070850,Shigella flexneri
NC_070851,Rhizobium phaseoli
NC_070852,Rhizobium phaseoli
NC_070853,Rhizobium phaseoli
NC_070854,Rhizobium etli
NC_070855,Rhizobium phaseoli
NC_070856,Rhizobium etli
NC_070857,Sinorhizobium americanum
NC_070858,Stenotrophomonas maltophilia
NC_070859,Dinoroseobacter shibae
NC_070860,Pectobacterium atrosepticum
NC_070861,Kosakonia cowanii
NC_070862,Pseudomonas aeruginosa
NC_070863,Pseudomonas aeruginosa
NC_070864,Pseudomonas aeruginosa
NC_070865,Pseudomonas sp.
NC_070866,Pseudomonas fluorescens
NC_070867,Stenotrophomonas maltophilia
NC_070868,Stenotrophomonas maltophilia
NC_070870,Escherichia coli
NC_070871,Escherichia coli
NC_070873,Escherichia coli
NC_070874,Escherichia coli
NC_070875,Serratia marcescens
NC_070876,Agrobacterium tumefaciens
NC_070877,Arthrobacter globiformis
NC_070878,Staphylococcus aureus
NC_070879,Staphylococcus epidermidis
NC_070880,Staphylococcus epidermidis
NC_070881,Pseudomonas fluorescens
NC_070884,Rhizobium etli
NC_070888,Rhizobium leguminosarum
NC_070889,Rhizobium leguminosarum
NC_070890,Agrobacterium tumefaciens
NC_070891,Gordonia rubripertincta
NC_070893,Gordonia rubripertincta
NC_070894,Gordonia rubripertincta
NC_070895,Gordonia rubripertincta
NC_070896,Gordonia rubripertincta
NC_070897,Gordonia rubripertincta
NC_070898,Streptococcus thermophilus
NC_070899,Streptococcus thermophilus
NC_070900,Streptococcus thermophilus
NC_070901,Streptococcus thermophilus
NC_070902,Escherichia coli
NC_070907,Yersinia pestis
NC_070908,Yersinia pestis
NC_070909,Escherichia coli
NC_070910,Burkholderia glumae
NC_070911,Salmonella enterica
NC_070912,Burkholderia pseudomallei
NC_070913,Yersinia enterocolitica
NC_070914,Yersinia enterocolitica
NC_070915,Yersinia enterocolitica
NC_070916,Yersinia enterocolitica
NC_070917,Yersinia enterocolitica
NC_070918,Yersinia enterocolitica
NC_070919,Aeromonas salmonicida
NC_070920,Shewanella sp. M16
NC_070921,Erwinia amylovora
NC_070922,Streptococcus pneumoniae
NC_070923,Streptococcus pneumoniae
NC_070924,Streptococcus pneumoniae
NC_070925,Streptococcus pneumoniae
NC_070926,Streptococcus pneumoniae
NC_070927,Streptococcus pneumoniae
NC_070928,Streptococcus pneumoniae
NC_070929,Streptococcus pneumoniae
NC_070930,Streptococcus pneumoniae
NC_070931,Brucella anthropi
NC_070932,Brucella intermedia
NC_070933,Ochrobactrum sp. POC9
NC_070934,Mycolicibacterium smegmatis
NC_070935,Mycolicibacterium smegmatis
NC_070936,Klebsiella aerogenes
NC_070937,Cronobacter sakazakii
NC_070948,Gordonia terrae
NC_070949,Erwinia persicina
NC_070950,Klebsiella pneumoniae
NC_070951,Stenotrophomonas maltophilia
NC_070952,Erwinia billingiae
NC_070953,Alteromonas macleodii
NC_070954,Burkholderia cenocepacia
NC_070955,Burkholderia gladioli
NC_070956,Aeromonas hydrophila
NC_070957,Aeromonas hydrophila
NC_070958,Aeromonas hydrophila
NC_070959,Synechococcus sp. MW02
NC_070960,Parasynechococcus marenigrum
NC_070961,Synechococcus sp. MW02
NC_070962,Synechococcus sp. WH 7803
NC_070964,Synechococcus sp. MW02
NC_070965,Synechococcus sp. MW02
NC_070966,Rhizobium sp. N941
NC_070967,Rhizobium phaseoli
NC_070968,Streptomyces lividans
NC_070969,Pseudomonas aeruginosa
NC_070970,Pseudomonas aeruginosa
NC_070971,Pseudomonas aeruginosa
NC_070972,Clostridium perfringens
NC_070973,Cronobacter sp.
NC_070974,Salmonella enterica
NC_070975,Proteus mirabilis
NC_070976,Proteus mirabilis
NC_070977,Aeromonas veronii
NC_070978,Vibrio parahaemolyticus
NC_070979,Escherichia sp.
NC_070981,Escherichia coli
NC_070982,Escherichia coli
NC_070983,Escherichia coli
NC_070984,Escherichia coli
NC_070985,Escherichia coli
NC_070986,Escherichia coli
NC_070988,Shigella flexneri
NC_070989,Escherichia coli
NC_070991,Escherichia coli
NC_070992,Escherichia coli
NC_070993,Escherichia coli
NC_070994,Gordonia terrae
NC_070995,Gordonia terrae
NC_070996,Gordonia terrae
NC_070997,Gordonia neofelifaecis
NC_070998,Aeromonas hydrophila
NC_070999,Aeromonas sp.
NC_071000,Providencia stuartii
NC_071001,Providencia stuartii
NC_071002,Enterococcus faecium
NC_071003,Enterobacter cloacae
NC_071004,Gordonia rubripertincta
NC_071005,Gordonia rubripertincta
NC_071006,Gordonia rubripertincta
NC_071007,Aeromonas hydrophila
NC_071008,Pantoea dispersa
NC_071009,Salmonella enterica
NC_071010,Salmonella enterica
NC_071011,Klebsiella pneumoniae
NC_071012,Carnobacterium divergens
NC_071013,Carnobacterium divergens
NC_071014,Brevibacterium fuscum
NC_071015,Kosakonia cowanii
NC_071016,Shewanella inventionis
NC_071017,Stenotrophomonas maltophilia
NC_071018,Stenotrophomonas maltophilia
NC_071019,Stenotrophomonas maltophilia
NC_071020,Stenotrophomonas maltophilia
NC_071021,Stenotrophomonas maltophilia
NC_071022,Paeniglutamicibacter sulfureus
NC_071023,Arthrobacter globiformis
NC_071024,Arthrobacter globiformis
NC_071025,Arthrobacter globiformis
NC_071026,Arthrobacter globiformis
NC_071027,Arthrobacter globiformis
NC_071028,Arthrobacter globiformis
NC_071029,Arthrobacter globiformis
NC_071030,Arthrobacter globiformis
NC_071031,Arthrobacter globiformis
NC_071032,Arthrobacter globiformis
NC_071033,Arthrobacter globiformis
NC_071035,Arthrobacter globiformis
NC_070622,Bacillus amyloliquefaciens
NC_070623,Bacillus sp. (in: firmicutes)
NC_070624,Bacillus subtilis
NC_070625,Bacillus subtilis
NC_069740,Pseudomonas sp.
NC_069741,Pseudomonas aeruginosa
NC_069742,Pseudomonas aeruginosa
NC_069743,Pseudomonas aeruginosa
NC_069744,Xanthomonas sp.
NC_069745,Xanthomonas arboricola
NC_069746,Pseudomonas aeruginosa
NC_069747,Pseudomonas sp.
NC_069748,Pseudomonas aeruginosa
NC_069749,Pseudomonas aeruginosa
NC_069750,Pseudomonas aeruginosa
NC_069751,Stenotrophomonas maltophilia
NC_069752,Pseudomonas syringae
NC_069753,Pseudomonas syringae
NC_069754,Pseudomonas syringae
NC_069755,Pseudomonas syringae
NC_069146,Salmonella enterica
NC_069147,Salmonella enterica
NC_069148,Salmonella sp.
NC_069149,Salmonella enterica
NC_069150,Salmonella enterica
NC_069151,Salmonella enterica
NC_069152,Salmonella enterica
NC_069153,Salmonella enterica
NC_069154,Klebsiella pneumoniae
NC_069155,Serratia marcescens
NC_069156,Serratia marcescens
NC_068555,Klebsiella pneumoniae
NC_067270,Mycolicibacterium smegmatis
NC_067194,bacterium
NC_062737,Xanthomonas vesicatoria
NC_062738,Methanobacterium formicicum
NC_062740,Halorubrum coriense
NC_062744,Cellulophaga sp. HaHa_2_95
NC_062745,Polaribacter sp. R2A056_3_33
NC_062746,Polaribacter sp. HaHaR_3_91
NC_062747,Tenacibaculum sp. AHE14PA
NC_062748,Olleya sp. HaHaR_3_96
NC_062749,Cellulophaga sp. HaHaR_3_176
NC_062750,Polaribacter sp. AHE13PA
NC_062751,Maribacter forsetii
NC_062752,Maribacter forsetii
NC_062753,Cellulophaga sp. HaHa_2_1
NC_062755,Haloarcula japonica
NC_062756,Halorubrum sp.
NC_062757,Halorubrum sp.
NC_062758,Halorubrum sp.
NC_062759,Halorubrum sp.
NC_062760,Halorubrum sp.
NC_062761,Halorubrum sp.
NC_062762,Halorubrum sp.
NC_062763,Halorubrum sodomense
NC_062581,Pseudomonas syringae
NC_061432,Pseudomonas aeruginosa
NC_061433,Pseudomonas aeruginosa
NC_061434,Pseudomonas aeruginosa
NC_061436,Pseudomonas aeruginosa
NC_061440,Erwinia amylovora
NC_061441,Erwinia amylovora
NC_061442,Erwinia amylovora
NC_061443,Erwinia amylovora
NC_061444,Erwinia amylovora
NC_061445,Erwinia amylovora
NC_061446,Erwinia amylovora
NC_061447,Erwinia amylovora
NC_061448,Erwinia amylovora
NC_061449,Erwinia amylovora
NC_061450,Erwinia amylovora
NC_061451,Erwinia amylovora
NC_061418,Klebsiella pneumoniae
NC_061421,Klebsiella pneumoniae
NC_060131,Gordonia terrae
NC_060132,Gordonia terrae
NC_060133,Gordonia terrae
NC_060134,Gordonia terrae
NC_060135,Gordonia terrae
NC_060136,Gordonia terrae
NC_060137,Gordonia terrae
NC_052978,Proteus mirabilis
NC_055956,Klebsiella pneumoniae
NC_055706,Candidatus Azobacteroides pseudotrichonymphae
NC_055708,Escherichia coli
NC_055709,Escherichia coli
NC_055710,Synechococcus sp.
NC_055711,Pseudomonas aeruginosa
NC_055712,Escherichia coli
NC_055714,Mycolicibacterium smegmatis
NC_055715,Klebsiella pneumoniae
NC_055716,Yersinia enterocolitica
NC_055717,Vibrio coralliilyticus
NC_055718,Escherichia coli
NC_055719,Parasynechococcus marenigrum
NC_055720,Pseudomonas sp.
NC_055721,Escherichia coli
NC_055722,Burkholderia glumae
NC_055726,Cronobacter malonaticus
NC_055727,Proteus mirabilis
NC_055730,Mycolicibacterium smegmatis
NC_055731,Gordonia terrae
NC_055732,Gordonia terrae
NC_055733,Aeromonas hydrophila
NC_055734,Shigella sonnei
NC_055735,Vibrio breoganii
NC_055736,Vibrio breoganii
NC_055737,Proteus penneri
NC_055738,Gordonia terrae
NC_055739,Enterobacter cloacae
NC_055740,Escherichia coli
NC_055741,Escherichia coli
NC_055742,Escherichia coli
NC_055743,Erwinia amylovora
NC_055744,Parasynechococcus marenigrum
NC_055745,Gordonia westfalica
NC_055746,Aeromonas hydrophila
NC_055747,Aeromonas hydrophila
NC_055748,Klebsiella pneumoniae
NC_055749,Escherichia coli
NC_055750,Mycolicibacterium smegmatis
NC_055751,Gordonia terrae
NC_055752,Gordonia terrae
NC_055753,Gordonia terrae
NC_055754,Gordonia terrae
NC_055755,Gordonia terrae
NC_055757,Escherichia coli
NC_055758,Gordonia terrae
NC_055759,Mycolicibacterium smegmatis
NC_055761,Synechococcus sp. WH 7803
NC_055762,Gordonia terrae
NC_055763,Gordonia terrae
NC_055764,Gordonia terrae
NC_055765,Gordonia terrae
NC_055766,Gordonia terrae
NC_055767,Gordonia terrae
NC_055768,Klebsiella pneumoniae
NC_055769,Gordonia terrae
NC_055770,Gordonia terrae
NC_055771,Gordonia terrae
NC_055772,Corynebacterium vitaeruminis
NC_055773,Gordonia terrae
NC_055774,Gordonia terrae
NC_055775,Gordonia terrae
NC_055776,Gordonia terrae
NC_055777,Gordonia terrae
NC_055778,Gordonia terrae
NC_055779,Gordonia terrae
NC_055780,Escherichia coli
NC_055781,Escherichia coli
NC_055782,Escherichia coli
NC_055783,Escherichia coli
NC_055785,Gordonia terrae
NC_055786,Mycolicibacterium smegmatis
NC_055787,Mycolicibacterium smegmatis
NC_055788,Gordonia terrae
NC_055789,Gordonia terrae
NC_055790,Mycolicibacterium smegmatis
NC_055791,Streptomyces griseus
NC_055792,Gordonia terrae
NC_055793,Pseudomonas aeruginosa
NC_055794,Vibrio campbellii
NC_055795,Gordonia terrae
NC_055796,Gordonia terrae
NC_055797,Gordonia terrae
NC_055798,Gordonia terrae
NC_055799,Gordonia terrae
NC_055800,Vibrio campbellii
NC_055801,Vibrio harveyi
NC_055802,Staphylococcus aureus
NC_055803,Gordonia terrae
NC_055804,Gordonia terrae
NC_055805,Gordonia terrae
NC_055806,Gordonia terrae
NC_055807,Corynebacterium vitaeruminis
NC_055808,Gordonia terrae
NC_055809,Streptomyces griseus
NC_055810,Gordonia terrae
NC_055811,Gordonia terrae
NC_055812,Mycolicibacterium smegmatis
NC_055813,Streptomyces griseus
NC_055814,Staphylococcus aureus
NC_055815,Mycolicibacterium smegmatis
NC_055816,Gordonia terrae
NC_055817,Mycolicibacterium smegmatis
NC_055818,Gordonia terrae
NC_055819,Gordonia terrae
NC_055820,Gordonia terrae
NC_055821,Gordonia terrae
NC_055822,Streptomyces griseus
NC_055823,Acinetobacter pittii
NC_055824,Vibrio owensii
NC_055825,Mycolicibacterium smegmatis
NC_055827,Mycolicibacterium smegmatis
NC_055828,Bacteroides xylanisolvens
NC_055829,Vibrio harveyi
NC_055830,Vibrio harveyi
NC_055832,Bacteroides thetaiotaomicron
NC_055833,Enterococcus faecalis
NC_055834,Enterococcus faecalis
NC_055835,Xanthomonas campestris
NC_055836,Xanthomonas campestris
NC_055837,Xanthomonas campestris
NC_055838,Xanthomonas campestris
NC_055839,Xanthomonas campestris
NC_055842,Streptomyces griseofuscus
NC_055843,Gordonia terrae
NC_055844,Yersinia pestis
NC_055845,Yersinia pestis
NC_055846,Yersinia pestis
NC_055847,Vibrio harveyi
NC_055848,Vibrio harveyi
NC_055849,Vibrio harveyi
NC_055850,Vibrio harveyi
NC_055851,Vibrio harveyi
NC_055856,Gordonia terrae
NC_055857,Gordonia terrae
NC_055858,Mycolicibacterium smegmatis
NC_055859,Gordonia terrae
NC_055860,Mycolicibacterium smegmatis
NC_055861,Gordonia terrae
NC_055862,Vibrio alginolyticus
NC_055863,Burkholderia gladioli
NC_055864,Gordonia terrae
NC_055865,Gordonia terrae
NC_055866,Enterococcus faecalis
NC_055867,Gordonia terrae
NC_055905,Bacillus thuringiensis
NC_055906,Staphylococcus aureus
NC_055908,Bacillus cereus
NC_055909,Mycolicibacterium smegmatis
NC_055910,Providencia stuartii
NC_055911,Burkholderia thailandensis
NC_055912,Gordonia terrae
NC_055913,Vibrio harveyi
NC_055914,Bacillus thuringiensis
NC_055915,Flavobacterium sp. LMO8
NC_055916,Staphylococcus aureus
NC_055918,Mycolicibacterium smegmatis
NC_055919,Klebsiella pneumoniae
NC_055920,Gordonia terrae
NC_055921,Salmonella enterica
NC_054890,Pseudomonas syringae
NC_054891,Ralstonia pseudosolanacearum
NC_054892,Escherichia coli
NC_054894,Escherichia coli
NC_054896,Escherichia coli
NC_054897,Citrobacter amalonaticus
NC_054899,Citrobacter rodentium
NC_054900,Citrobacter rodentium
NC_054901,Citrobacter rodentium
NC_054902,Escherichia coli
NC_054903,Escherichia coli
NC_054904,Escherichia coli
NC_054905,Escherichia coli
NC_054906,Escherichia coli
NC_054908,Escherichia coli
NC_054909,Escherichia coli
NC_054910,Escherichia coli
NC_054911,Escherichia coli
NC_054913,Escherichia coli
NC_054914,Escherichia coli
NC_054915,Escherichia coli
NC_054916,Escherichia coli
NC_054917,Escherichia coli
NC_054918,Escherichia coli
NC_054919,Escherichia coli
NC_054920,Escherichia coli
NC_054921,Escherichia coli
NC_054922,Escherichia coli
NC_054923,Escherichia coli
NC_054925,Escherichia coli
NC_054926,Escherichia coli
NC_054928,Escherichia coli
NC_054929,Escherichia coli
NC_054932,Escherichia coli
NC_054933,Escherichia coli
NC_054934,Escherichia coli
NC_054936,Salmonella enterica
NC_054937,Salmonella enterica
NC_054938,Prodigiosinella confusarubida
NC_054939,Escherichia coli
NC_054940,Escherichia coli
NC_054941,Shigella flexneri
NC_054942,Shigella sp.
NC_054944,Yersinia pseudotuberculosis
NC_054945,Yersinia pseudotuberculosis
NC_054946,Ralstonia pseudosolanacearum
NC_054952,Stenotrophomonas sp.
NC_054953,Halobacterium salinarum
NC_054954,Natrialba magadii
NC_054955,Ralstonia pseudosolanacearum
NC_054956,Ralstonia pseudosolanacearum
NC_054957,Ralstonia pseudosolanacearum
NC_054958,Ralstonia pseudosolanacearum
NC_054959,Ralstonia pseudosolanacearum
NC_054960,Ralstonia pseudosolanacearum
NC_054961,Ralstonia pseudosolanacearum
NC_054962,Ralstonia pseudosolanacearum
NC_054963,Ralstonia pseudosolanacearum
NC_054964,Ralstonia solanacearum
NC_054965,Klebsiella pneumoniae
NC_054966,Klebsiella pneumoniae
NC_054967,Achromobacter xylosoxidans
NC_054968,Achromobacter xylosoxidans
NC_054969,Achromobacter xylosoxidans
NC_054970,Pseudomonas syringae
NC_054971,Achromobacter xylosoxidans
NC_054972,Achromobacter xylosoxidans
NC_054973,Staphylococcus aureus
NC_054974,Staphylococcus aureus
NC_054975,Staphylococcus aureus
NC_054976,Staphylococcus aureus
NC_054977,Staphylococcus aureus
NC_054978,Staphylococcus aureus
NC_054979,Staphylococcus aureus
NC_054980,Staphylococcus aureus
NC_054981,Staphylococcus aureus
NC_054982,Staphylococcus aureus
NC_054984,Paenibacillus larvae
NC_054985,Paenibacillus larvae
NC_054986,Leuconostoc pseudomesenteroides
NC_054987,Leuconostoc pseudomesenteroides
NC_054988,Leuconostoc mesenteroides
NC_054989,Brevibacterium aurantiacum
NC_054990,Lactococcus lactis
NC_054991,Lactococcus lactis
NC_054992,Lactococcus lactis
NC_054993,Lactococcus lactis
NC_054994,Lactococcus lactis
NC_054995,Lactococcus lactis
NC_054996,Lactococcus lactis
NC_054997,Lactococcus lactis
NC_054998,Lactococcus lactis
NC_055000,Lactococcus lactis
NC_055002,Lactococcus lactis
NC_055004,Lactococcus lactis
NC_055005,Lactococcus lactis
NC_055006,Lactococcus lactis
NC_055007,Lactococcus lactis
NC_055008,Lactococcus lactis
NC_055009,Lactococcus lactis
NC_055010,Lactococcus lactis
NC_055011,Lactococcus lactis
NC_055012,Lactococcus lactis
NC_055013,Lactococcus lactis
NC_055014,Lactococcus lactis
NC_055015,Lactococcus lactis
NC_055016,Lactococcus lactis
NC_055017,Lactococcus lactis
NC_055018,Lactococcus lactis
NC_055020,Staphylococcus pseudintermedius
NC_055021,Staphylococcus pseudintermedius
NC_055022,Staphylococcus pseudintermedius
NC_055023,Staphylococcus pseudintermedius
NC_055024,Staphylococcus pseudintermedius
NC_055025,Staphylococcus pseudintermedius
NC_055026,Ralstonia pseudosolanacearum
NC_055028,Paenibacillus larvae
NC_055029,Paenibacillus larvae
NC_055030,Paenibacillus larvae
NC_055031,Paenibacillus larvae
NC_055035,Fusobacterium nucleatum
NC_055036,Staphylococcus epidermidis
NC_055037,Leuconostoc pseudomesenteroides
NC_055038,Staphylococcus aureus
NC_055039,Staphylococcus aureus
NC_055040,Staphylococcus aureus
NC_055041,Staphylococcus aureus
NC_055042,Staphylococcus aureus
NC_055043,Staphylococcus aureus
NC_055044,Staphylococcus aureus
NC_055045,Staphylococcus aureus
NC_055046,Staphylococcus aureus
NC_055047,Staphylococcus aureus
NC_055048,Staphylococcus aureus
NC_055049,Staphylococcus aureus
NC_055050,Lactococcus garvieae
NC_055051,Vibrio cholerae
NC_055052,Ralstonia solanacearum
NC_055053,Ralstonia solanacearum
NC_055054,Ralstonia solanacearum
NC_055055,Xanthomonas oryzae
NC_055059,Streptomyces scabiei
NC_055060,Streptomyces scabiei
NC_055061,Rhodococcus opacus
NC_054814,Mycolicibacterium smegmatis
NC_054815,Mycolicibacterium smegmatis
NC_054794,Mycolicibacterium smegmatis
NC_054795,Mycolicibacterium smegmatis
NC_054796,Mycolicibacterium smegmatis
NC_054797,Mycolicibacterium smegmatis
NC_054798,Mycolicibacterium smegmatis
NC_054799,Mycolicibacterium smegmatis
NC_054800,Mycolicibacterium smegmatis
NC_054801,Mycolicibacterium smegmatis
NC_054802,Mycolicibacterium smegmatis
NC_054803,Mycolicibacterium smegmatis
NC_054804,Mycolicibacterium smegmatis
NC_054805,Mycolicibacterium smegmatis
NC_054806,Mycolicibacterium smegmatis
NC_054807,Mycolicibacterium smegmatis
NC_054808,Mycolicibacterium smegmatis
NC_054809,Mycolicibacterium smegmatis
NC_054810,Mycolicibacterium smegmatis
NC_054811,Mycolicibacterium smegmatis
NC_054812,Mycolicibacterium smegmatis
NC_054813,Mycolicibacterium smegmatis
NC_054783,Mycolicibacterium smegmatis
NC_054784,Mycolicibacterium smegmatis
NC_054785,Mycolicibacterium smegmatis
NC_054786,Mycolicibacterium smegmatis
NC_054787,Mycolicibacterium smegmatis
NC_054788,Mycolicibacterium smegmatis
NC_054789,Mycolicibacterium smegmatis
NC_054790,Mycolicibacterium smegmatis
NC_054791,Mycolicibacterium smegmatis
NC_054793,Mycolicibacterium smegmatis
NC_054770,Mycolicibacterium smegmatis
NC_054771,Mycolicibacterium smegmatis
NC_054772,Mycolicibacterium smegmatis
NC_054773,Mycolicibacterium phlei
NC_054774,Mycolicibacterium smegmatis
NC_054775,Mycolicibacterium smegmatis
NC_054776,Mycolicibacterium smegmatis
NC_054777,Mycolicibacterium smegmatis
NC_054778,Mycolicibacterium smegmatis
NC_054779,Mycolicibacterium smegmatis
NC_054780,Mycolicibacterium smegmatis
NC_054781,Mycolicibacterium smegmatis
NC_054782,Mycolicibacterium smegmatis
NC_054759,Mycolicibacterium smegmatis
NC_054760,Mycolicibacterium smegmatis
NC_054761,Mycolicibacterium smegmatis
NC_054762,Rhodococcus erythropolis
NC_054723,Gordonia terrae
NC_054724,Rhodococcus erythropolis
NC_054725,Gordonia terrae
NC_054726,Gordonia terrae
NC_054727,Mycolicibacterium smegmatis
NC_054714,Mycolicibacterium smegmatis
NC_054715,Mycolicibacterium smegmatis
NC_054716,Mycolicibacterium smegmatis
NC_054717,Mycolicibacterium smegmatis
NC_054718,Mycolicibacterium smegmatis
NC_054719,Mycolicibacterium smegmatis
NC_054720,Mycolicibacterium smegmatis
NC_054721,Mycolicibacterium smegmatis
NC_054722,Mycolicibacterium smegmatis
NC_054655,Streptomyces xanthochromogenes
NC_054656,Streptomyces toxytricini
NC_054657,Streptomyces sp.
NC_054658,Streptomyces sp.
NC_054659,Streptomyces sp.
NC_054660,Streptomyces xanthochromogenes
NC_054661,Streptomyces platensis
NC_054662,Streptomyces azureus
NC_054663,Streptomyces xanthochromogenes
NC_054664,Streptomyces xanthochromogenes
NC_054665,Streptomyces xanthochromogenes
NC_054666,Streptomyces lividans
NC_054667,Streptomyces griseofuscus
NC_054668,Streptomyces xanthochromogenes
NC_054669,Streptomyces lividans
NC_054670,Streptomyces xanthochromogenes
NC_054671,Streptomyces lividans
NC_054672,Streptomyces coelicolor
NC_054673,Streptomyces coelicolor
NC_054674,Streptomyces coelicolor
NC_054675,Streptomyces griseofuscus
NC_054676,Streptomyces sp.
NC_054677,Streptomyces azureus
NC_054678,Streptomyces griseus
NC_054679,Streptomyces lividans
NC_054680,Streptomyces toxytricini
NC_054681,Streptomyces griseus
NC_054636,Shigella flexneri
NC_054637,Escherichia coli
NC_054638,Salmonella enterica
NC_054639,Salmonella enterica
NC_054640,Salmonella enterica
NC_054641,Salmonella enterica
NC_054642,Salmonella enterica
NC_054643,Salmonella enterica
NC_054644,Salmonella enterica
NC_054645,Salmonella enterica
NC_054646,Salmonella sp.
NC_054647,Salmonella enterica
NC_054648,Salmonella enterica
NC_054650,Shigella flexneri
NC_054651,Escherichia coli
NC_054652,Klebsiella pneumoniae
NC_054653,Klebsiella pneumoniae
NC_054654,Klebsiella pneumoniae
NC_054462,Ralstonia pseudosolanacearum
NC_054463,Ralstonia pseudosolanacearum
NC_054464,Edwardsiella anguillarum
NC_054465,Aeromonas rivipollensis
NC_054466,Aeromonas rivipollensis
NC_054458,Xanthomonas oryzae
NC_054459,Xanthomonas oryzae
NC_054460,Xanthomonas euvesicatoria
NC_054461,Xanthomonas vesicatoria
NC_054448,Mycolicibacterium smegmatis
NC_054449,Mycolicibacterium smegmatis
NC_054450,Mycolicibacterium smegmatis
NC_054451,Mycolicibacterium smegmatis
NC_054452,Mycolicibacterium smegmatis
NC_054453,Mycolicibacterium smegmatis
NC_054454,Mycolicibacterium smegmatis
NC_054455,Mycolicibacterium smegmatis
NC_054456,Mycolicibacterium smegmatis
NC_054439,Mycolicibacterium smegmatis
NC_054440,Mycolicibacterium smegmatis
NC_054441,Mycolicibacterium smegmatis
NC_054442,Mycolicibacterium smegmatis
NC_054443,Mycolicibacterium smegmatis
NC_054444,Mycolicibacterium smegmatis
NC_054445,Mycolicibacterium smegmatis
NC_054446,Mycolicibacterium smegmatis
NC_054447,Mycolicibacterium smegmatis
NC_054431,Microbacterium foliorum
NC_054432,Mycobacteroides abscessus
NC_054433,Mycobacterium sp.
NC_054434,Gordonia terrae
NC_054435,Gordonia terrae
NC_054436,Gordonia terrae
NC_054437,Gordonia terrae
NC_054438,Gordonia terrae
NC_054146,Ralstonia solanacearum
NC_054147,Achromobacter sp.
NC_054148,Burkholderia cenocepacia
NC_054149,Pseudomonas aeruginosa
NC_054392,Gordonia terrae
NC_054393,Mycolicibacterium smegmatis
NC_053504,Mycolicibacterium smegmatis
NC_053505,Mycolicibacterium smegmatis
NC_053506,Mycolicibacterium smegmatis
NC_053507,Mycolicibacterium smegmatis
NC_053508,Mycolicibacterium smegmatis
NC_053509,Mycolicibacterium smegmatis
NC_053510,Mycolicibacterium smegmatis
NC_053511,Mycolicibacterium smegmatis
NC_053512,Mycolicibacterium smegmatis
NC_053513,Mycolicibacterium smegmatis
NC_053514,Mycolicibacterium smegmatis
NC_053515,Mycolicibacterium smegmatis
NC_053516,Mycolicibacterium smegmatis
NC_053503,Mycolicibacterium smegmatis
NC_053209,Mycolicibacterium smegmatis
NC_053210,Gordonia terrae
NC_053211,Gordonia terrae
NC_053234,Gordonia terrae
NC_053235,Gordonia terrae
NC_053236,Gordonia terrae
NC_053237,Gordonia terrae
NC_053238,Gordonia terrae
NC_053239,Gordonia terrae
NC_053240,Gordonia terrae
NC_053241,Gordonia terrae
NC_053242,Gordonia terrae
NC_053243,Gordonia terrae
NC_053244,Gordonia terrae
NC_053245,Gordonia terrae
NC_053246,Gordonia terrae
NC_053247,Gordonia terrae
NC_053248,Gordonia terrae
NC_053249,Gordonia terrae
NC_053172,Gordonia terrae
NC_053173,Gordonia terrae
NC_053174,Gordonia terrae
NC_052968,Synechococcus sp.
NC_052969,Ruegeria pomeroyi
NC_052970,Ruegeria pomeroyi
NC_052971,Ruegeria pomeroyi
NC_052972,Ruegeria pomeroyi
NC_052975,Klebsiella pneumoniae
NC_052976,Pseudomonas sp.
NC_052979,Providencia stuartii
NC_052980,Proteus mirabilis
NC_052981,Proteus mirabilis
NC_052984,Aeromonas hydrophila
NC_052985,Aeromonas hydrophila
NC_052987,Klebsiella pneumoniae
NC_052988,Klebsiella pneumoniae
NC_052989,Cronobacter sakazakii
NC_052991,Klebsiella pneumoniae
NC_052999,Salmonella enterica
NC_053000,Salmonella enterica
NC_053008,Salmonella sp.
NC_053009,Providencia rettgeri
NC_053010,Providencia rettgeri
NC_053011,Erwinia pyrifoliae
NC_053013,Pseudomonas aeruginosa
NC_053014,Pectobacterium carotovorum
NC_053015,Pectobacterium carotovorum
NC_052964,Pseudomonas sp.
NC_052965,Pseudomonas aeruginosa
NC_052966,Xanthomonas oryzae
NC_052932,Microbacterium foliorum
NC_052933,Microbacterium foliorum
NC_052934,Microbacterium foliorum
NC_052935,Microbacterium foliorum
NC_052936,Microbacterium foliorum
NC_052937,Microbacterium foliorum
NC_052938,Microbacterium foliorum
NC_052939,Microbacterium foliorum
NC_052940,Microbacterium paraoxydans
NC_052941,Microbacterium paraoxydans
NC_052653,Escherichia coli
NC_052654,Escherichia coli
NC_052655,Escherichia coli
NC_052656,Escherichia coli
NC_052657,Escherichia coli
NC_052658,Escherichia coli
NC_052659,Escherichia coli
NC_052660,Escherichia coli
NC_052661,Escherichia coli
NC_052662,Escherichia coli
NC_052663,Escherichia coli
NC_052650,Halobacterium salinarum
NC_051634,Mycolicibacterium smegmatis
NC_051635,Mycolicibacterium smegmatis
NC_051636,Mycolicibacterium smegmatis
NC_051637,Mycolicibacterium smegmatis
NC_051638,Mycolicibacterium smegmatis
NC_051639,Mycolicibacterium smegmatis
NC_051641,Mycolicibacterium smegmatis
NC_051642,Mycolicibacterium smegmatis
NC_051647,Mycolicibacterium smegmatis
NC_051648,Mycolicibacterium smegmatis
NC_051649,Mycolicibacterium smegmatis
NC_051650,Mycolicibacterium smegmatis
NC_051651,Mycolicibacterium smegmatis
NC_051652,Mycolicibacterium smegmatis
NC_051653,Mycolicibacterium smegmatis
NC_051654,Mycolicibacterium smegmatis
NC_051656,Mycolicibacterium smegmatis
NC_051657,Mycolicibacterium smegmatis
NC_051658,Mycolicibacterium smegmatis
NC_051661,Mycolicibacterium smegmatis
NC_051662,Mycolicibacterium smegmatis
NC_051663,Mycolicibacterium smegmatis
NC_051664,Mycolicibacterium smegmatis
NC_051665,Mycolicibacterium smegmatis
NC_051668,Mycolicibacterium smegmatis
NC_051672,Mycolicibacterium smegmatis
NC_051675,Mycolicibacterium smegmatis
NC_051676,Mycolicibacterium smegmatis
NC_051678,Mycolicibacterium smegmatis
NC_051679,Mycolicibacterium smegmatis
NC_051680,Mycolicibacterium smegmatis
NC_051681,Mycolicibacterium smegmatis
NC_051682,Mycolicibacterium smegmatis
NC_051683,Mycolicibacterium smegmatis
NC_051684,Mycolicibacterium smegmatis
NC_051685,Mycolicibacterium smegmatis
NC_051687,Mycolicibacterium smegmatis
NC_051690,Mycolicibacterium smegmatis
NC_051691,Mycolicibacterium smegmatis
NC_051693,Mycolicibacterium smegmatis
NC_051695,Mycolicibacterium smegmatis
NC_051696,Mycolicibacterium smegmatis
NC_051699,Mycolicibacterium smegmatis
NC_051700,Mycolicibacterium smegmatis
NC_051702,Mycolicibacterium smegmatis
NC_051704,Mycolicibacterium smegmatis
NC_051705,Mycolicibacterium smegmatis
NC_051706,Mycolicibacterium smegmatis
NC_051711,Mycolicibacterium smegmatis
NC_051713,Mycolicibacterium smegmatis
NC_051714,Mycolicibacterium smegmatis
NC_051716,Mycolicibacterium smegmatis
NC_051717,Mycolicibacterium smegmatis
NC_051718,Mycolicibacterium smegmatis
NC_051719,Mycolicibacterium smegmatis
NC_051720,Mycolicibacterium smegmatis
NC_051721,Mycolicibacterium smegmatis
NC_051722,Mycolicibacterium smegmatis
NC_051723,Mycolicibacterium smegmatis
NC_051724,Mycolicibacterium smegmatis
NC_051725,Mycolicibacterium smegmatis
NC_051726,Mycolicibacterium smegmatis
NC_051727,Mycolicibacterium smegmatis
NC_051728,Mycolicibacterium smegmatis
NC_051729,Mycolicibacterium smegmatis
NC_051730,Mycolicibacterium smegmatis
NC_051731,Mycolicibacterium smegmatis
NC_051732,Mycolicibacterium smegmatis
NC_051733,Mycolicibacterium smegmatis
NC_051734,Mycolicibacterium smegmatis
NC_051735,Mycolicibacterium smegmatis
NC_051736,Mycolicibacterium smegmatis
NC_051737,Mycolicibacterium smegmatis
NC_051738,Mycolicibacterium smegmatis
NC_051739,Mycolicibacterium smegmatis
NC_051740,Mycolicibacterium smegmatis
NC_051580,Mycolicibacterium smegmatis
NC_051581,Mycolicibacterium smegmatis
NC_051582,Mycolicibacterium smegmatis
NC_051583,Mycolicibacterium smegmatis
NC_051584,Mycolicibacterium smegmatis
NC_051585,Mycolicibacterium smegmatis
NC_051586,Mycolicibacterium smegmatis
NC_051587,Mycolicibacterium smegmatis
NC_051588,Mycolicibacterium smegmatis
NC_051589,Mycolicibacterium smegmatis
NC_051590,Mycolicibacterium smegmatis
NC_051591,Mycolicibacterium smegmatis
NC_051592,Mycolicibacterium smegmatis
NC_051594,Mycolicibacterium smegmatis
NC_051595,Mycolicibacterium smegmatis
NC_051596,Mycolicibacterium smegmatis
NC_051597,Mycolicibacterium smegmatis
NC_051598,Mycolicibacterium smegmatis
NC_051599,Mycolicibacterium smegmatis
NC_051600,Mycolicibacterium smegmatis
NC_051601,Mycolicibacterium smegmatis
NC_051602,Mycolicibacterium smegmatis
NC_051603,Mycolicibacterium smegmatis
NC_051604,Mycolicibacterium smegmatis
NC_051605,Mycolicibacterium smegmatis
NC_051606,Mycolicibacterium smegmatis
NC_051607,Mycolicibacterium smegmatis
NC_051608,Mycolicibacterium smegmatis
NC_051610,Mycolicibacterium smegmatis
NC_051611,Mycolicibacterium smegmatis
NC_051612,Mycolicibacterium smegmatis
NC_051614,Mycolicibacterium smegmatis
NC_051615,Mycolicibacterium smegmatis
NC_051616,Mycolicibacterium smegmatis
NC_051617,Mycolicibacterium smegmatis
NC_051618,Mycolicibacterium smegmatis
NC_051619,Mycolicibacterium smegmatis
NC_051620,Mycolicibacterium smegmatis
NC_051621,Mycolicibacterium smegmatis
NC_051622,Mycolicibacterium smegmatis
NC_051623,Mycolicibacterium smegmatis
NC_051624,Mycolicibacterium smegmatis
NC_051625,Mycolicibacterium smegmatis
NC_051626,Mycolicibacterium smegmatis
NC_051627,Mycolicibacterium smegmatis
NC_051628,Mycolicibacterium smegmatis
NC_051629,Mycolicibacterium smegmatis
NC_051630,Mycolicibacterium smegmatis
NC_051631,Mycolicibacterium smegmatis
NC_050154,Escherichia coli
NC_050143,Pseudomonas aeruginosa
NC_050144,Pseudomonas sp.
NC_050145,Pseudomonas aeruginosa
NC_050146,Pseudomonas sp.
NC_050147,Pseudomonas sp.
NC_050148,Pseudomonas aeruginosa
NC_050149,Pseudomonas aeruginosa
NC_050150,Pseudomonas aeruginosa
NC_050151,Pseudomonas aeruginosa
NC_049941,Escherichia coli
NC_049942,Escherichia coli
NC_049943,Escherichia coli
NC_049944,Escherichia coli
NC_049945,Escherichia coli
NC_049946,Escherichia coli
NC_049947,Escherichia coli
NC_049948,Escherichia coli
NC_049949,Escherichia coli
NC_049950,Escherichia coli
NC_049951,Escherichia coli
NC_049952,Escherichia coli
NC_049953,Escherichia coli
NC_049954,Escherichia coli
NC_049955,Escherichia coli
NC_049960,Bacillus thuringiensis
NC_049961,Bacillus thuringiensis
NC_049962,Bacillus thuringiensis
NC_049963,Bacillus thuringiensis
NC_049965,Bacillus velezensis
NC_049967,Bacillus cereus
NC_049968,Bacillus cereus
NC_049969,Bacillus cereus
NC_049970,Bacillus thuringiensis
NC_049971,Bacillus pumilus
NC_049972,Bacillus pumilus
NC_049973,Bacillus safensis
NC_049974,Bacillus sp. (in: firmicutes)
NC_049975,Bacillus subtilis
NC_049977,Bacteroides intestinalis
NC_049927,Microbacterium foliorum
NC_049928,Microbacterium foliorum
NC_049929,Microbacterium foliorum
NC_049930,Enterococcus faecium
NC_049931,Enterococcus faecium
NC_049932,Enterococcus faecalis
NC_049933,Enterococcus faecalis
NC_049934,Enterococcus faecalis
NC_049935,Enterococcus faecalis
NC_049936,Enterococcus faecalis
NC_049937,Enterococcus faecalis
NC_049938,Enterococcus faecalis
NC_049939,Enterococcus faecalis
NC_049940,Enterococcus faecalis
NC_049917,Escherichia coli
NC_049918,Escherichia coli
NC_049919,Escherichia coli
NC_049923,Escherichia coli
NC_049924,Escherichia coli
NC_049926,Escherichia coli
NC_049900,Listeria monocytogenes
NC_049854,Lactococcus lactis
NC_049855,Lactococcus lactis
NC_049856,Lactococcus lactis
NC_049857,Lactococcus lactis
NC_049805,Lactococcus cremoris
NC_049806,Lactococcus lactis
NC_049807,Lactococcus lactis
NC_049808,Lactococcus lactis
NC_049809,Lactococcus lactis
NC_049810,Lactococcus lactis
NC_049811,Lactococcus lactis
NC_049812,Lactococcus lactis
NC_049813,Escherichia coli
NC_049814,Escherichia coli
NC_049815,Escherichia coli
NC_049816,Escherichia coli
NC_049817,Escherichia coli
NC_049818,Escherichia coli
NC_049819,Escherichia coli
NC_049820,Shigella dysenteriae
NC_049821,Salmonella enterica
NC_049822,Escherichia coli
NC_049823,Escherichia coli
NC_049824,Escherichia coli
NC_049825,Escherichia coli
NC_049826,Escherichia coli
NC_049827,Escherichia coli
NC_049828,Escherichia coli
NC_049829,Escherichia coli
NC_049830,Escherichia coli
NC_049831,Shigella flexneri
NC_049832,Escherichia coli
NC_049833,Klebsiella pneumoniae
NC_049834,Klebsiella pneumoniae
NC_049835,Klebsiella pneumoniae
NC_049836,Klebsiella pneumoniae
NC_049837,Klebsiella pneumoniae
NC_049838,Klebsiella pneumoniae
NC_049839,Klebsiella pneumoniae
NC_049840,Klebsiella pneumoniae
NC_049841,Klebsiella pneumoniae
NC_049842,Klebsiella pneumoniae
NC_049843,Klebsiella pneumoniae
NC_049844,Klebsiella sp.
NC_049845,Klebsiella pneumoniae
NC_049846,Klebsiella pneumoniae
NC_049847,Klebsiella pneumoniae
NC_049849,Achromobacter animicus
NC_049850,Burkholderia cenocepacia
NC_049851,Burkholderia cenocepacia
NC_049852,Escherichia coli
NC_049853,Escherichia coli
NC_049340,Tenacibaculum maritimum
NC_049341,Escherichia coli
NC_049342,Escherichia coli
NC_049343,Escherichia coli
NC_049344,Escherichia coli
NC_049345,Roseovarius nubinhibens
NC_049348,Lactococcus lactis
NC_049349,Lactococcus lactis
NC_049350,Vibrio cholerae
NC_049351,Lactococcus cremoris
NC_049354,Lactococcus lactis
NC_049355,Lactococcus lactis
NC_049356,Lactococcus lactis
NC_049357,Lactococcus lactis
NC_049358,Lactococcus lactis
NC_049359,Lactococcus lactis
NC_049360,Lactococcus lactis
NC_049361,Lactococcus lactis
NC_049362,Lactococcus lactis
NC_049363,Lactococcus lactis
NC_049364,Lactococcus lactis
NC_049365,Lactococcus lactis
NC_049366,Lactococcus lactis
NC_049367,Lactococcus lactis
NC_049368,Lactococcus lactis
NC_049369,Lactococcus lactis
NC_049370,Lactococcus lactis
NC_049371,Dinoroseobacter shibae
NC_049372,Roseobacter denitrificans
NC_049373,Lactococcus lactis
NC_049374,Lactococcus lactis
NC_049375,Lactococcus lactis
NC_049376,Lactococcus lactis
NC_049377,Lactococcus lactis
NC_049379,Vibrio splendidus
NC_049380,Vibrio cholerae
NC_049381,Lactococcus lactis
NC_049382,Salmonella enterica
NC_049383,Tenacibaculum sp.
NC_049384,Enterobacter asburiae
NC_049385,Escherichia coli
NC_049386,Escherichia coli
NC_049387,Escherichia coli
NC_049388,Escherichia coli
NC_049389,Escherichia coli
NC_049390,Escherichia coli
NC_049391,Escherichia coli
NC_049392,Escherichia coli
NC_049393,Escherichia coli
NC_049394,Escherichia coli
NC_049395,Escherichia coli
NC_049396,Salmonella enterica
NC_049397,Lactococcus lactis
NC_049398,Lactococcus lactis
NC_049399,Lactococcus lactis
NC_049400,Lactococcus lactis
NC_049401,Lactococcus lactis
NC_049402,Lactococcus lactis
NC_049403,Lactococcus lactis
NC_049404,Lactococcus lactis
NC_049405,Lactococcus lactis
NC_049406,Lactococcus lactis
NC_049407,Lactococcus lactis
NC_049408,Lactococcus lactis
NC_049409,Lactococcus lactis
NC_049410,Lactococcus lactis
NC_049411,Lactococcus lactis
NC_049412,Lactococcus lactis
NC_049413,Lactococcus lactis
NC_049414,Lactococcus lactis
NC_049415,Lactococcus lactis
NC_049416,Lactococcus lactis
NC_049417,Lactococcus lactis
NC_049418,Lactococcus lactis
NC_049419,Lactococcus lactis
NC_049420,Lactococcus lactis
NC_049421,Lactococcus lactis
NC_049422,Lactococcus lactis
NC_049423,Lactococcus lactis
NC_049424,Lactococcus lactis
NC_049425,Lactococcus lactis
NC_049426,Lactococcus lactis
NC_049427,Escherichia coli
NC_049428,Salmonella enterica
NC_049429,Enterobacter cloacae
NC_049430,Vibrio splendidus
NC_049431,Vibrio sp.
NC_049432,Ralstonia solanacearum
NC_049433,Escherichia sp.
NC_049434,Lactococcus lactis
NC_049435,Ruegeria pomeroyi
NC_049436,Ruegeria pomeroyi
NC_049437,Salmonella enterica
NC_049438,Acinetobacter pittii
NC_049439,Salmonella enterica
NC_049440,Salmonella enterica
NC_049441,Acinetobacter baumannii
NC_049443,Salmonella enterica
NC_049444,Klebsiella pneumoniae
NC_049445,Acinetobacter baumannii
NC_049446,Lactococcus lactis
NC_049447,Lactococcus lactis
NC_049448,Klebsiella pneumoniae
NC_049449,Klebsiella pneumoniae
NC_049450,Klebsiella pneumoniae
NC_049451,Klebsiella pneumoniae
NC_049452,Klebsiella pneumoniae
NC_049453,Klebsiella pneumoniae
NC_049454,Klebsiella pneumoniae
NC_049455,Shigella boydii
NC_049457,Escherichia coli
NC_049458,Salmonella sp.
NC_049459,Salmonella sp.
NC_049460,Salmonella sp.
NC_049462,Klebsiella pneumoniae
NC_049463,Stenotrophomonas maltophilia
NC_049464,Serratia marcescens
NC_049465,Arthrobacter globiformis
NC_049467,Klebsiella pneumoniae
NC_049469,Sinorhizobium meliloti
NC_049470,Arthrobacter globiformis
NC_049472,Klebsiella pneumoniae
NC_049473,Arthrobacter globiformis
NC_049474,Lactococcus lactis
NC_049475,Lactococcus lactis
NC_049476,Lactococcus lactis
NC_049477,Vibrio alginolyticus
NC_049479,Acinetobacter baumannii
NC_049480,Lactococcus lactis
NC_049481,Lactococcus lactis
NC_049482,Lactococcus lactis
NC_049483,Lactococcus lactis
NC_049484,Lactococcus lactis
NC_049485,Lactococcus lactis
NC_049486,Lactococcus lactis
NC_049487,Lactococcus lactis
NC_049488,Lactococcus lactis
NC_049490,Acinetobacter baumannii
NC_049491,Acinetobacter baumannii
NC_049492,Acinetobacter baumannii
NC_049493,Acinetobacter baumannii
NC_049494,Acinetobacter baumannii
NC_049495,Salmonella enterica
NC_049496,Salmonella enterica
NC_049497,Salmonella enterica
NC_049498,Arthrobacter globiformis
NC_049499,Salmonella enterica
NC_049500,Salmonella enterica
NC_049501,Salmonella enterica
NC_049502,Salmonella enterica
NC_049503,Salmonella enterica
NC_049504,Salmonella enterica
NC_049505,Salmonella enterica
NC_049506,Salmonella enterica
NC_049507,Salmonella enterica
NC_049508,Salmonella enterica
NC_049510,Erwinia amylovora
NC_049511,Acinetobacter baumannii
NC_049512,Salmonella sp.
NC_048625,Lacticaseibacillus paracasei
NC_048626,Pseudomonas aeruginosa
NC_048627,Escherichia coli
NC_048628,Bacillus cereus
NC_048629,Clostridium perfringens
NC_048631,Bacillus subtilis
NC_048632,Salmonella enterica
NC_048633,Bacillus cereus
NC_048634,Staphylococcus aureus
NC_048635,Staphylococcus aureus
NC_048636,Staphylococcus aureus
NC_048638,Pseudomonas aeruginosa
NC_048639,Pseudomonas aeruginosa
NC_048640,Bacillus thuringiensis
NC_048641,Bacillus cereus
NC_048642,Clostridioides difficile
NC_048643,Clostridioides difficile
NC_048644,Staphylococcus aureus
NC_048645,Cronobacter sakazakii
NC_048646,Cronobacter sakazakii
NC_048647,Klebsiella sp.
NC_048649,Salmonella enterica
NC_048651,Aeribacillus pallidus
NC_048652,Bacillus subtilis
NC_048653,Pectobacterium atrosepticum
NC_048654,Pectobacterium atrosepticum
NC_048655,Salmonella enterica
NC_048656,Klebsiella pneumoniae
NC_048657,Staphylococcus aureus
NC_048658,Staphylococcus aureus
NC_048659,Pectobacterium wasabiae
NC_048660,Aeromonas sp.
NC_048661,Clostridium perfringens
NC_048664,Cronobacter sakazakii
NC_048667,Bacillus cereus
NC_048668,Serratia marcescens
NC_048669,Rhodococcus erythropolis
NC_048670,Klebsiella pneumoniae
NC_048673,Aeromonas salmonicida
NC_048674,Aeromonas salmonicida
NC_048675,Pseudomonas sp.
NC_048676,Pseudomonas aeruginosa
NC_048677,Lactiplantibacillus pentosus
NC_048678,Leptospira biflexa
NC_048679,Leptospira biflexa
NC_048680,Lacticaseibacillus casei
NC_048681,Staphylococcus aureus
NC_048682,Raoultella ornithinolytica
NC_048683,Salmonella enterica
NC_048684,Streptomyces viridochromogenes
NC_048685,Streptomyces lividans
NC_048686,Streptomyces griseus
NC_048687,Pseudomonas fluorescens
NC_048688,Paenibacillus larvae
NC_048689,Paenibacillus larvae
NC_048690,Paenibacillus larvae
NC_048691,Paenibacillus larvae
NC_048692,Paenibacillus larvae
NC_048693,Paenibacillus larvae
NC_048694,Klebsiella pneumoniae
NC_048695,Gordonia terrae
NC_048696,Mycolicibacterium smegmatis
NC_048698,Bacillus thuringiensis
NC_048699,Pseudomonas aeruginosa
NC_048700,Klebsiella pneumoniae
NC_048701,Anoxybacillus caldiproteolyticus
NC_048702,Erwinia amylovora
NC_048703,Xanthomonas fragariae
NC_048704,Pectobacterium atrosepticum
NC_048705,Mycolicibacterium smegmatis
NC_048706,Streptomyces scabiei
NC_048707,Clostridium perfringens
NC_048708,Rhodococcus erythropolis
NC_048709,Vibrio coralliilyticus
NC_048710,Staphylococcus aureus
NC_048711,Staphylococcus aureus
NC_048712,Clostridium perfringens
NC_048713,Staphylococcus aureus
NC_048714,Paenibacillus larvae
NC_048715,Paenibacillus larvae
NC_048716,Paenibacillus larvae
NC_048717,Paenibacillus larvae
NC_048718,Paenibacillus larvae
NC_048719,Streptomyces griseus
NC_048720,Streptomyces griseus
NC_048721,Streptomyces griseus
NC_048722,Streptomyces griseus
NC_048723,Streptomyces griseus
NC_048724,Streptomyces griseus
NC_048726,Bacillus subtilis
NC_048727,Salmonella enterica
NC_048728,Streptomyces griseus
NC_048729,Mycolicibacterium smegmatis
NC_048730,Streptomyces lividans
NC_048731,Escherichia coli
NC_048732,Klebsiella pneumoniae
NC_048733,Microbacterium paraoxydans
NC_048734,Mycolicibacterium smegmatis
NC_048735,Alkalihalobacterium bogoriense
NC_048736,Serratia marcescens
NC_048737,Lacticaseibacillus rhamnosus
NC_048738,Clostridium perfringens
NC_048739,Arthrobacter globiformis
NC_048740,Arthrobacter globiformis
NC_048741,Proteus mirabilis
NC_048742,Streptomyces griseofuscus
NC_048743,Mycolicibacterium smegmatis
NC_048745,Pseudomonas aeruginosa
NC_048746,Gordonia terrae
NC_048747,Vibrio alginolyticus
NC_048748,Escherichia coli
NC_048749,Gordonia terrae
NC_048750,Gordonia terrae
NC_048751,Pantoea agglomerans
NC_048752,Levilactobacillus brevis
NC_048753,Levilactobacillus brevis
NC_048754,Levilactobacillus brevis
NC_048755,Stenotrophomonas maltophilia
NC_048756,Nodularia spumigena
NC_048757,Nodularia spumigena
NC_048758,Serratia marcescens
NC_048759,Serratia marcescens
NC_048760,Salmonella enterica
NC_048761,Microbacterium foliorum
NC_048762,Bacillus thuringiensis
NC_048766,Pantoea agglomerans
NC_048767,Pantoea agglomerans
NC_048768,Gordonia terrae
NC_048769,Aeromonas hydrophila
NC_048770,Aeromonas hydrophila
NC_048771,Aeromonas hydrophila
NC_048772,Aeromonas hydrophila
NC_048773,Aeromonas hydrophila
NC_048774,Aeromonas hydrophila
NC_048775,Aeromonas hydrophila
NC_048776,Aeromonas hydrophila
NC_048777,Microbacterium foliorum
NC_048778,Microbacterium foliorum
NC_048779,Vibrio alginolyticus
NC_048780,Corynebacterium xerosis
NC_048781,Salmonella enterica
NC_048782,Rhodococcus erythropolis
NC_048783,Gordonia rubripertincta
NC_048784,Rhodococcus erythropolis
NC_048785,Salmonella sp.
NC_048786,Salmonella sp.
NC_048787,Corynebacterium xerosis
NC_048788,Mycolicibacterium smegmatis
NC_048789,Corynebacterium xerosis
NC_048790,Corynebacterium xerosis
NC_048791,Corynebacterium xerosis
NC_048792,Serratia marcescens
NC_048793,Gordonia rubripertincta
NC_048794,Salmonella enterica
NC_048795,Salmonella enterica
NC_048797,Priestia megaterium
NC_048798,Klebsiella pneumoniae
NC_048799,Escherichia coli
NC_048800,Serratia marcescens
NC_048801,Microbacterium foliorum
NC_048802,Stenotrophomonas maltophilia
NC_048803,Proteus mirabilis
NC_048804,Stenotrophomonas maltophilia
NC_048805,Klebsiella pneumoniae
NC_048806,Pseudomonas aeruginosa
NC_048807,Erwinia pyrifoliae
NC_048808,Salmonella enterica
NC_048809,Salmonella enterica
NC_048810,Gordonia rubripertincta
NC_048811,Salmonella enterica
NC_048812,Gordonia rubripertincta
NC_048813,Gordonia rubripertincta
NC_048814,Gordonia rubripertincta
NC_048815,Gordonia rubripertincta
NC_048816,Gordonia rubripertincta
NC_048817,Gordonia terrae
NC_048818,Escherichia coli
NC_048819,Salmonella enterica
NC_048820,Gordonia rubripertincta
NC_048821,Photobacterium damselae
NC_048822,Gordonia rubripertincta
NC_048823,Gordonia rubripertincta
NC_048824,Mycolicibacterium smegmatis
NC_048825,Gordonia rubripertincta
NC_048826,Gordonia rubripertincta
NC_048827,Vibrio cholerae
NC_048828,Erwinia amylovora
NC_048829,Flavobacterium sp. LMO8
NC_048830,Flavobacterium sp. LMO8
NC_048831,Flavobacterium sp. LMO9
NC_048832,Flavobacterium sp. LMO9
NC_048833,Flavobacterium sp. LMO6
NC_048834,Flavobacterium sp. LMO6
NC_048835,Flavobacterium sp. LMO9
NC_048836,Flavobacterium sp. LMO9
NC_048837,Flavobacterium sp. LMO9
NC_048838,Flavobacterium sp. LMO6
NC_048839,Flavobacterium sp. LMO9
NC_048840,Flavobacterium sp. LMO6
NC_048841,Flavobacterium sp. LMO6
NC_048842,Flavobacterium sp. LMO9
NC_048843,Flavobacterium sp. LMO8
NC_048844,Flavobacterium sp. LMO6
NC_048845,Escherichia coli
NC_048847,Alteromonas sp.
NC_048848,Butyrivibrio fibrisolvens
NC_048849,Enterobacter cloacae
NC_048850,Mycolicibacterium smegmatis
NC_048851,Gordonia terrae
NC_048852,Salmonella enterica
NC_048854,Streptomyces lividans
NC_048858,Bifidobacterium asteroides
NC_048859,Bifidobacterium asteroides
NC_048860,Microbacterium foliorum
NC_048861,Proteus mirabilis
NC_048862,Salmonella enterica
NC_048863,Salmonella enterica
NC_048864,Salmonella enterica
NC_048865,Salmonella enterica
NC_048866,Salmonella enterica
NC_048867,Salmonella enterica
NC_048868,Salmonella enterica
NC_048869,Salmonella enterica
NC_048870,Salmonella enterica
NC_048871,Salmonella enterica
NC_048872,Salmonella enterica
NC_048873,Klebsiella pneumoniae
NC_048874,Escherichia sp. MOD1-EC6098
NC_048875,Pantoea agglomerans
NC_048876,Gordonia rubripertincta
NC_048877,Microbacterium foliorum
NC_048878,Alteromonas confluentis
NC_047720,Staphylococcus aureus
NC_047721,Staphylococcus aureus
NC_047722,Staphylococcus aureus
NC_047723,Staphylococcus aureus
NC_047724,Staphylococcus aureus
NC_047725,Staphylococcus aureus
NC_047726,Staphylococcus aureus
NC_047727,Staphylococcus aureus
NC_047728,Staphylococcus aureus
NC_047729,Staphylococcus aureus
NC_047730,Staphylococcus aureus
NC_047731,Staphylococcus aureus
NC_047732,Staphylococcus aureus
NC_047735,Bacillus cereus
NC_047736,Bacillus cereus
NC_047737,Vibrio alginolyticus
NC_047738,Rhizobium etli
NC_047739,Lactiplantibacillus plantarum
NC_047740,Escherichia coli
NC_047741,Vibrio cholerae
NC_047742,Escherichia coli
NC_047743,Burkholderia pseudomallei
NC_047744,Bacillus pumilus
NC_047745,Listeria monocytogenes
NC_047746,Vibrio sp.
NC_047747,Pseudomonas syringae
NC_047748,Klebsiella pneumoniae
NC_047749,Escherichia coli
NC_047750,Mannheimia haemolytica
NC_047751,Ralstonia solanacearum
NC_047752,Burkholderia cenocepacia
NC_047753,Salmonella enterica
NC_047754,Escherichia coli
NC_047755,Yersinia enterocolitica
NC_047756,Caulobacter vibrioides
NC_047757,Caulobacter vibrioides
NC_047759,Dickeya fangzhongdai
NC_047760,Levilactobacillus brevis
NC_047762,Xanthomonas arboricola
NC_047763,Streptococcus thermophilus
NC_047764,Lactiplantibacillus plantarum
NC_047765,Ralstonia solanacearum
NC_047766,Escherichia coli
NC_047767,Staphylococcus sp.
NC_047769,Escherichia coli
NC_047770,Escherichia coli
NC_047771,Klebsiella pneumoniae
NC_047772,Klebsiella pneumoniae
NC_047773,Klebsiella pneumoniae
NC_047774,Serratia marcescens
NC_047775,Salinivibrio sp.
NC_047777,Escherichia coli
NC_047778,Pectobacterium carotovorum
NC_047779,Klebsiella pneumoniae
NC_047780,Klebsiella pneumoniae
NC_047781,Klebsiella pneumoniae
NC_047782,Klebsiella pneumoniae
NC_047783,Klebsiella pneumoniae
NC_047784,Klebsiella pneumoniae
NC_047785,Shigella sp.
NC_047786,Salmonella enterica
NC_047787,Klebsiella pneumoniae
NC_047788,Staphylococcus aureus
NC_047789,Pectobacterium wasabiae
NC_047791,Pectobacterium carotovorum
NC_047792,Streptomyces venezuelae
NC_047793,Streptomyces venezuelae
NC_047794,Streptomyces venezuelae
NC_047795,Streptomyces griseus
NC_047796,Enterococcus faecium
NC_047798,Klebsiella pneumoniae
NC_047799,Klebsiella pneumoniae
NC_047800,Ralstonia solanacearum
NC_047802,Pectobacterium carotovorum
NC_047803,Vibrio alginolyticus
NC_047804,Ralstonia solanacearum
NC_047805,Yersinia enterocolitica
NC_047806,Escherichia coli
NC_047807,Escherichia coli
NC_047808,Escherichia coli
NC_047809,Escherichia coli
NC_047810,Escherichia coli
NC_047811,Klebsiella pneumoniae
NC_047812,Escherichia coli
NC_047813,Staphylococcus epidermidis
NC_047814,Staphylococcus epidermidis
NC_047815,Erwinia amylovora
NC_047816,Ralstonia solanacearum
NC_047817,Klebsiella pneumoniae
NC_047818,Klebsiella pneumoniae
NC_047820,Escherichia coli
NC_047821,Marinomonas mediterranea
NC_047822,Escherichia coli
NC_047823,Citrobacter freundii
NC_047824,Shewanella putrefaciens
NC_047825,Klebsiella oxytoca
NC_047828,Escherichia coli
NC_047829,Escherichia coli
NC_047830,Escherichia coli
NC_047831,Pasteurella multocida
NC_047832,Pasteurella multocida
NC_047833,Erwinia tracheiphila
NC_047835,Escherichia coli
NC_047836,Marinomonas sp.
NC_047839,Pseudoalteromonas sp.
NC_047840,Xanthomonas sp.
NC_047841,Klebsiella pneumoniae
NC_047842,Klebsiella pneumoniae
NC_047843,Leclercia adecarboxylata
NC_047844,Serratia marcescens
NC_047845,Agrobacterium tumefaciens
NC_047846,Agrobacterium tumefaciens
NC_047847,Shigella dysenteriae
NC_047848,Shigella flexneri
NC_047849,Klebsiella pneumoniae
NC_047850,Klebsiella pneumoniae
NC_047851,Brevibacterium iodinum
NC_047852,Pseudomonas aeruginosa
NC_047853,Enterococcus faecalis
NC_047854,Cronobacter sakazakii
NC_047855,Staphylococcus aureus
NC_047857,Klebsiella pneumoniae
NC_047858,Proteus mirabilis
NC_047859,Salmonella enterica
NC_047860,Caulobacter vibrioides
NC_047861,Bordetella bronchiseptica
NC_047862,Klebsiella pneumoniae
NC_047863,Shigella flexneri
NC_047865,Aeromonas hydrophila
NC_047866,Aeromonas hydrophila
NC_047867,Escherichia coli
NC_047868,Rhizobium etli
NC_047869,Rhizobium etli
NC_047870,Rhizobium etli
NC_047871,Listeria monocytogenes
NC_047872,Listeria monocytogenes
NC_047873,Pseudomonas sp.
NC_047874,Pseudomonas fluorescens
NC_047875,Salmonella enterica
NC_047880,Erwinia amylovora
NC_047881,Shigella sonnei
NC_047882,Vibrio cholerae
NC_047883,Acinetobacter baumannii
NC_047886,Pectobacterium sp.
NC_047887,Pectobacterium sp.
NC_047888,Ralstonia solanacearum
NC_047889,Escherichia coli
NC_047890,Escherichia coli
NC_047891,Gordonia terrae
NC_047892,Gordonia terrae
NC_047893,Escherichia coli
NC_047894,Pseudomonas syringae
NC_047895,Escherichia coli
NC_047896,Acinetobacter baumannii
NC_047897,Lactiplantibacillus plantarum
NC_047898,Salmonella enterica
NC_047899,Escherichia coli
NC_047900,Klebsiella pneumoniae
NC_047901,Klebsiella pneumoniae
NC_047902,Pseudomonas grimontii
NC_047903,Vibrio parahaemolyticus
NC_047904,Streptomyces lividans
NC_047905,Streptomyces azureus
NC_047906,Streptomyces azureus
NC_047907,Klebsiella pneumoniae
NC_047908,Klebsiella pneumoniae
NC_047909,Faecalibacterium prausnitzii
NC_047910,Faecalibacterium prausnitzii
NC_047911,Faecalibacterium prausnitzii
NC_047912,Faecalibacterium prausnitzii
NC_047913,Faecalibacterium prausnitzii
NC_047914,Faecalibacterium prausnitzii
NC_047915,Faecalibacterium prausnitzii
NC_047916,Faecalibacterium prausnitzii
NC_047917,Erwinia amylovora
NC_047918,Lactiplantibacillus plantarum
NC_047919,Staphylococcus aureus
NC_047920,Citrobacter rodentium
NC_047921,Gordonia terrae
NC_047923,Escherichia coli
NC_047924,Lactiplantibacillus plantarum
NC_047925,Lactiplantibacillus plantarum
NC_047926,Lactiplantibacillus plantarum
NC_047927,Escherichia coli
NC_047928,Haloarcula hispanica
NC_047929,Shigella flexneri
NC_047930,Ralstonia solanacearum
NC_047931,Lactiplantibacillus plantarum
NC_047932,Klebsiella pneumoniae
NC_047933,Pseudomonas agarici
NC_047938,Escherichia coli
NC_047939,Yersinia pestis
NC_047940,Yersinia pestis
NC_047941,Salmonella enterica
NC_047942,Escherichia coli
NC_047943,Haloarcula hispanica
NC_047944,Klebsiella pneumoniae
NC_047946,Ralstonia solanacearum
NC_047947,Salmonella sp.
NC_047948,Staphylococcus aureus
NC_047949,Aeromonas hydrophila
NC_047950,Aeromonas hydrophila
NC_047952,Pseudomonas aeruginosa
NC_047953,Pseudomonas aeruginosa
NC_047954,Pseudomonas syringae
NC_047955,Pseudomonas syringae
NC_047956,Pseudomonas syringae
NC_047957,Pseudomonas syringae
NC_047959,Escherichia coli
NC_047960,Escherichia coli
NC_047961,Dickeya solani
NC_047962,Xanthomonas campestris
NC_047963,Pectobacterium carotovorum
NC_047964,Dickeya solani
NC_047965,Pseudomonas fluorescens
NC_047966,Aeromonas hydrophila
NC_047967,Pseudomonas aeruginosa
NC_047968,Klebsiella pneumoniae
NC_047969,Klebsiella pneumoniae
NC_047970,Klebsiella pneumoniae
NC_047971,Klebsiella pneumoniae
NC_047972,Microbacterium foliorum
NC_047973,Microbacterium foliorum
NC_047974,Rhodococcus erythropolis
NC_047975,Microbacterium foliorum
NC_047976,Microbacterium foliorum
NC_047977,Microbacterium foliorum
NC_047978,Erwinia amylovora
NC_047979,Escherichia coli
NC_047980,Klebsiella pneumoniae
NC_047981,Pseudomonas sp.
NC_047982,Ralstonia solanacearum
NC_047983,Levilactobacillus brevis
NC_047984,Escherichia coli
NC_047986,Microbacterium foliorum
NC_047987,Microbacterium paraoxydans
NC_047988,Microbacterium paraoxydans
NC_047989,Microbacterium paraoxydans
NC_047990,Gordonia terrae
NC_047991,Gordonia terrae
NC_047992,Microbacterium paraoxydans
NC_047993,Microbacterium foliorum
NC_047994,Klebsiella pneumoniae
NC_047995,Erwinia amylovora
NC_047996,Escherichia coli
NC_047997,Pseudomonas fluorescens
NC_047999,Salmonella enterica
NC_048000,Salmonella enterica
NC_048001,Salmonella sp.
NC_048002,Escherichia coli
NC_048003,Pseudomonas fluorescens
NC_048004,Salmonella enterica
NC_048005,Salmonella enterica
NC_048006,Salmonella enterica
NC_048007,Salmonella enterica
NC_048008,Salmonella enterica
NC_048009,Salmonella enterica
NC_048010,Salmonella enterica
NC_048011,Salmonella enterica
NC_048012,Salmonella enterica
NC_048013,Salmonella enterica
NC_048014,Klebsiella pneumoniae
NC_048015,Parasynechococcus marenigrum
NC_048016,Erwinia amylovora
NC_048017,Microbacterium foliorum
NC_048018,Gordonia terrae
NC_048019,Gordonia terrae
NC_048020,Microbacterium foliorum
NC_048021,Gordonia terrae
NC_048022,Eggerthella lenta
NC_048023,Escherichia coli
NC_048024,Klebsiella pneumoniae
NC_048025,Shigella flexneri
NC_048026,Synechococcus sp. WH 8109
NC_048027,Gordonia terrae
NC_048028,Gordonia terrae
NC_048029,Sphingomonas paucimobilis
NC_048035,Vibrio parahaemolyticus
NC_048036,Vibrio parahaemolyticus
NC_048037,Sulfolobus sp.
NC_048038,Microbacterium foliorum
NC_048039,Gordonia terrae
NC_048040,Gordonia terrae
NC_048041,Vibrio parahaemolyticus
NC_048042,Klebsiella pneumoniae
NC_048043,Klebsiella pneumoniae
NC_048044,Klebsiella pneumoniae
NC_048045,Caulobacter vibrioides
NC_048046,Caulobacter vibrioides
NC_048047,Caulobacter vibrioides
NC_048049,Synechococcus sp. WH 7803
NC_048052,Dickeya solani
NC_048053,Dickeya solani
NC_048054,Dickeya solani
NC_048056,Pectobacterium atrosepticum
NC_048057,Dickeya solani
NC_048058,Pectobacterium atrosepticum
NC_048059,Dickeya solani
NC_048060,Dickeya solani
NC_048061,Pectobacterium atrosepticum
NC_048062,Salmonella enterica
NC_048063,Escherichia coli
NC_048064,Escherichia coli
NC_048065,Citrobacter freundii
NC_048066,Vibrio cyclitrophicus
NC_048068,Microbacterium foliorum
NC_048069,Corynebacterium xerosis
NC_048070,Corynebacterium xerosis
NC_048072,Streptomyces platensis
NC_048073,Escherichia coli
NC_048074,Acinetobacter baumannii
NC_048075,Acinetobacter baumannii
NC_048076,Acinetobacter baumannii
NC_048077,Dickeya solani
NC_048078,Escherichia coli
NC_048079,Escherichia coli
NC_048080,Acinetobacter baumannii
NC_048081,Acinetobacter baumannii
NC_048082,Escherichia coli
NC_048083,Gordonia terrae
NC_048084,Lactiplantibacillus plantarum
NC_048085,Lactiplantibacillus plantarum
NC_048086,Proteus mirabilis
NC_048087,Enterococcus faecium
NC_048088,Cronobacter sakazakii
NC_048089,Salmonella enterica
NC_048090,Microbacterium foliorum
NC_048091,Arthrobacter globiformis
NC_048092,Arthrobacter globiformis
NC_048093,Sinomonas atrocyanea
NC_048094,Arthrobacter globiformis
NC_048095,Arthrobacter globiformis
NC_048096,Arthrobacter globiformis
NC_048097,Arthrobacter globiformis
NC_048098,Arthrobacter globiformis
NC_048099,Arthrobacter globiformis
NC_048100,Arthrobacter globiformis
NC_048101,Microbacterium foliorum
NC_048102,Synechococcus sp. WH 7803
NC_048104,Lactobacillus delbrueckii
NC_048105,Salmonella enterica
NC_048106,Synechococcus sp. CBW1002
NC_048107,Staphylococcus aureus
NC_048108,Yersinia pseudotuberculosis
NC_048109,Pseudomonas aeruginosa
NC_048110,Salmonella enterica
NC_048111,Pectobacterium carotovorum
NC_048112,Escherichia coli
NC_048113,Salmonella enterica
NC_048114,Klebsiella pneumoniae
NC_048115,Arthrobacter globiformis
NC_048116,Pectobacterium atrosepticum
NC_048117,Pectobacterium atrosepticum
NC_048118,Pectobacterium atrosepticum
NC_048119,Pectobacterium atrosepticum
NC_048120,Pectobacterium atrosepticum
NC_048121,Vibrio breoganii
NC_048122,Vibrio breoganii
NC_048123,Vibrio cyclitrophicus
NC_048124,Vibrio breoganii
NC_048125,Vibrio breoganii
NC_048126,Klebsiella pneumoniae
NC_048129,Klebsiella sp.
NC_048130,Klebsiella sp.
NC_048131,Klebsiella sp.
NC_048133,Aeromonas hydrophila
NC_048134,Lactiplantibacillus plantarum
NC_048135,Enterobacter cloacae
NC_048136,Escherichia coli
NC_048137,Pantoea agglomerans
NC_048138,Klebsiella pneumoniae
NC_048139,Streptomyces lividans
NC_048140,Arthrobacter globiformis
NC_048141,Gordonia terrae
NC_048142,Acinetobacter baumannii
NC_048143,Klebsiella pneumoniae
NC_048144,Microbacterium foliorum
NC_048145,Salmonella enterica
NC_048146,Gordonia terrae
NC_048147,Xanthomonas campestris
NC_048148,Providencia stuartii
NC_048149,Salmonella sp.
NC_048151,Vibrio sp.
NC_048152,Arthrobacter globiformis
NC_048153,Streptomyces venezuelae
NC_048154,Streptomyces griseus
NC_048155,Streptomyces griseus
NC_048159,Staphylococcus aureus
NC_048161,Cronobacter turicensis
NC_048162,Klebsiella pneumoniae
NC_048163,Escherichia coli
NC_048165,Microbacterium paraoxydans
NC_048166,Pseudomonas sp.
NC_048167,Vibrio parahaemolyticus
NC_048168,Pseudomonas aeruginosa
NC_048169,Gordonia terrae
NC_048170,Escherichia coli
NC_048172,Escherichia coli
NC_048173,Erwinia amylovora
NC_048174,Shigella flexneri
NC_048175,Klebsiella pneumoniae
NC_048176,Gordonia terrae
NC_048177,Escherichia coli
NC_048178,Escherichia coli
NC_048179,Salmonella enterica
NC_048180,Shigella flexneri
NC_048182,Edwardsiella tarda
NC_048183,Synechococcus sp. CB0101
NC_048184,Synechococcus sp. CB0101
NC_048185,Gordonia terrae
NC_048186,Escherichia coli
NC_048187,Rheinheimera sp. BAL341
NC_048188,Rheinheimera sp. BAL341
NC_048189,Rheinheimera sp. BAL341
NC_048190,Rheinheimera sp. BAL341
NC_048191,Rheinheimera sp. BAL341
NC_048192,Staphylococcus pseudintermedius
NC_048193,Escherichia coli
NC_048195,Escherichia coli
NC_048196,Escherichia coli
NC_048197,Erwinia horticola
NC_048198,Erwinia horticola
NC_048199,Nitrosopumilus sp.
NC_048202,Escherichia coli
NC_048207,Gordonia terrae
NC_048208,Escherichia coli
NC_045425,Thermus thermophilus
NC_043767,Mycolicibacterium smegmatis
NC_043027,Bacillus subtilis
NC_043028,Xanthomonas oryzae
NC_043029,Stenotrophomonas maltophilia
NC_043030,Aeropyrum pernix
NC_043427,Aeropyrum pernix
NC_043469,Klebsiella aerogenes
NC_042564,Escherichia coli
NC_042308,Mycolicibacterium smegmatis
NC_042309,Mycolicibacterium smegmatis
NC_042310,Mycolicibacterium smegmatis
NC_042311,Mycolicibacterium smegmatis
NC_042312,Mycolicibacterium smegmatis
NC_042313,Mycolicibacterium smegmatis
NC_042314,Mycolicibacterium smegmatis
NC_042315,Mycolicibacterium smegmatis
NC_042316,Mycolicibacterium smegmatis
NC_042317,Mycolicibacterium smegmatis
NC_042318,Mycolicibacterium smegmatis
NC_042319,Mycolicibacterium smegmatis
NC_042320,Mycolicibacterium smegmatis
NC_042321,Mycolicibacterium smegmatis
NC_042322,Mycolicibacterium smegmatis
NC_042323,Mycolicibacterium smegmatis
NC_042324,Mycolicibacterium smegmatis
NC_042325,Mycolicibacterium smegmatis
NC_042326,Mycolicibacterium smegmatis
NC_042327,Mycolicibacterium smegmatis
NC_042328,Mycolicibacterium smegmatis
NC_042329,Mycolicibacterium smegmatis
NC_042330,Mycolicibacterium smegmatis
NC_042331,Mycolicibacterium smegmatis
NC_042332,Mycolicibacterium smegmatis
NC_042333,Mycolicibacterium smegmatis
NC_042334,Mycolicibacterium smegmatis
NC_042335,Mycolicibacterium smegmatis
NC_042336,Mycolicibacterium smegmatis
NC_042337,Mycolicibacterium smegmatis
NC_042338,Mycolicibacterium smegmatis
NC_042339,Mycolicibacterium smegmatis
NC_042340,Mycolicibacterium smegmatis
NC_042341,Mycolicibacterium smegmatis
NC_042342,Pseudomonas aeruginosa
NC_042343,Pseudomonas aeruginosa
NC_042344,Xylella fastidiosa
NC_042345,Xylella fastidiosa
NC_042346,Salmonella enterica
NC_042347,Sulfolobus sp. A20
NC_042348,Salinibacter ruber
NC_042349,Salinibacter ruber
NC_042350,Salinibacter ruber
NC_042351,Salinibacter ruber
NC_042352,Salinibacter ruber
NC_042354,Corynebacterium glutamicum
NC_042355,Corynebacterium glutamicum
NC_042140,Priestia megaterium
NC_030928,Xanthomonas arboricola
NC_030937,Xanthomonas arboricola
NC_041844,Mycolicibacterium smegmatis
NC_041845,Flavobacterium columnare
NC_041846,Mycolicibacterium smegmatis
NC_041847,Mycolicibacterium smegmatis
NC_041848,Escherichia coli
NC_041849,Streptomyces sp.
NC_041850,Mycolicibacterium smegmatis
NC_041852,Mycolicibacterium smegmatis
NC_041853,Mycolicibacterium smegmatis
NC_041854,Pectobacterium atrosepticum
NC_041855,Mycolicibacterium smegmatis
NC_041856,Streptomyces coelicolor
NC_041857,Acinetobacter baumannii
NC_041858,Bacillus pumilus
NC_041859,Flavobacterium psychrophilum
NC_041860,Streptomyces venezuelae
NC_041861,Enterococcus faecalis
NC_041862,Listeria monocytogenes
NC_041863,Escherichia coli
NC_041864,Escherichia coli
NC_041865,Pseudomonas aeruginosa
NC_041866,Acinetobacter sp.
NC_041867,Paenibacillus larvae
NC_041869,Escherichia coli
NC_041870,Pseudomonas aeruginosa
NC_041871,Escherichia coli
NC_041872,Flavobacterium psychrophilum
NC_041873,Escherichia coli
NC_041874,Escherichia coli
NC_041877,Pseudomonas aeruginosa
NC_041878,Pectobacterium carotovorum
NC_041880,Pseudomonas putida
NC_041881,Pseudomonas putida
NC_041882,Mycolicibacterium smegmatis
NC_041883,Gordonia terrae
NC_041884,Acinetobacter baumannii
NC_041886,Gordonia terrae
NC_041887,Rhodococcus erythropolis
NC_041888,Mycolicibacterium smegmatis
NC_041889,Streptomyces azureus
NC_041890,Propionibacterium freudenreichii
NC_041891,Propionibacterium freudenreichii
NC_041892,Propionibacterium freudenreichii
NC_041893,Propionibacterium freudenreichii
NC_041894,Propionibacterium freudenreichii
NC_041895,Propionibacterium freudenreichii
NC_041896,Campylobacter jejuni
NC_041897,Escherichia coli
NC_041898,Escherichia coli
NC_041899,Klebsiella pneumoniae
NC_041900,Klebsiella pneumoniae
NC_041901,Mycolicibacterium smegmatis
NC_041902,Pseudomonas aeruginosa
NC_041903,Pseudomonas aeruginosa
NC_041904,Pseudomonas aeruginosa
NC_041905,Acinetobacter baumannii
NC_041906,Escherichia coli
NC_041907,Pseudomonas aeruginosa
NC_041908,Rhizobium etli
NC_041909,Paenibacillus larvae
NC_041910,Vibrio vulnificus
NC_041911,Ralstonia solanacearum
NC_041912,Aquamicrobium sp. H14
NC_041913,Providencia sp.
NC_041914,Acinetobacter baumannii
NC_041915,Acinetobacter baumannii
NC_041916,Vibrio parahaemolyticus
NC_041917,Serratia marcescens
NC_041919,Escherichia coli
NC_041921,Dinoroseobacter shibae
NC_041922,Salmonella enterica
NC_041923,Salmonella sp.
NC_041924,Acinetobacter baumannii
NC_041925,Proteus mirabilis
NC_041926,Escherichia coli
NC_041927,Sphingobium sp. IP1
NC_041928,Staphylococcus epidermidis
NC_041929,Sinorhizobium meliloti
NC_041934,Pseudomonas aeruginosa
NC_041935,Escherichia coli
NC_041936,Escherichia coli
NC_041937,Escherichia coli
NC_041950,Gordonia terrae
NC_041953,Pseudomonas aeruginosa
NC_041954,Cutibacterium acnes
NC_041955,Cutibacterium acnes
NC_041956,Cutibacterium acnes
NC_041957,Cutibacterium acnes
NC_041958,Roseobacter denitrificans
NC_041959,Enterococcus faecalis
NC_041960,Enterococcus faecalis
NC_041962,Tsukamurella inchonensis
NC_041963,Rhodobacter capsulatus
NC_041965,Mycolicibacterium smegmatis
NC_041966,Acinetobacter baumannii
NC_041967,Acinetobacter baumannii
NC_041968,Pseudomonas aeruginosa
NC_041969,Mycolicibacterium smegmatis
NC_041970,Mycolicibacterium smegmatis
NC_041971,Mycolicibacterium smegmatis
NC_041972,Erwinia amylovora
NC_041973,Erwinia amylovora
NC_041974,Erwinia amylovora
NC_041975,Erwinia amylovora
NC_041976,Brevibacillus laterosporus
NC_041977,Citrobacter freundii
NC_041978,Erwinia amylovora
NC_041979,Escherichia coli
NC_041980,Klebsiella aerogenes
NC_041981,Klebsiella pneumoniae
NC_041982,Mycolicibacterium smegmatis
NC_041983,Mycolicibacterium smegmatis
NC_041984,Mycolicibacterium smegmatis
NC_041985,Mycolicibacterium smegmatis
NC_041986,Mycolicibacterium smegmatis
NC_041987,Mycolicibacterium smegmatis
NC_041988,Mycolicibacterium smegmatis
NC_041989,Mycolicibacterium smegmatis
NC_041990,Escherichia coli
NC_041991,Salmonella enterica
NC_041993,Mycolicibacterium smegmatis
NC_041995,Shigella sonnei
NC_041997,Paracidovorax citrulli
NC_041998,Acinetobacter baumannii
NC_042003,Acinetobacter baumannii
NC_042004,Acinetobacter baumannii
NC_042005,Acinetobacter baumannii
NC_042006,Acinetobacter pittii
NC_042007,Acinetobacter pittii
NC_042008,Streptomyces viridochromogenes
NC_042009,Streptomyces griseus
NC_042010,Streptomyces griseus
NC_042011,Streptomyces lividans
NC_042012,Streptomyces griseus
NC_042013,Agrobacterium tumefaciens
NC_042016,Streptomyces griseus
NC_042017,Shigella flexneri
NC_042018,Erwinia amylovora
NC_042019,Aeromonas salmonicida
NC_042021,Enterococcus faecalis
NC_042022,Enterococcus faecalis
NC_042023,Enterococcus faecalis
NC_042024,Lactococcus cremoris
NC_042025,Salmonella enterica
NC_042027,Mycolicibacterium smegmatis
NC_042028,Acinetobacter baumannii
NC_042029,Edwardsiella ictaluri
NC_042030,Mycolicibacterium smegmatis
NC_042031,Mycolicibacterium smegmatis
NC_042032,Mycolicibacterium smegmatis
NC_042033,Mycolicibacterium smegmatis
NC_042034,Mycolicibacterium smegmatis
NC_042035,Mycolicibacterium smegmatis
NC_042036,Mycolicibacterium smegmatis
NC_042037,Aeromonas sp. IS4
NC_042038,Salmonella enterica
NC_042039,Shigella flexneri
NC_042040,Rhodococcus erythropolis
NC_042041,Klebsiella pneumoniae
NC_042042,Streptomyces scabiei
NC_042043,Escherichia coli
NC_042044,Salmonella enterica
NC_042045,Gordonia terrae
NC_042046,Escherichia coli
NC_042047,Serratia rubidaea
NC_042048,Listeria monocytogenes
NC_042049,Rhodobacter capsulatus
NC_042050,Mycolicibacterium smegmatis
NC_042051,Streptomyces griseus
NC_042052,Streptomyces griseus
NC_042054,Pseudomonas syringae
NC_042055,Mycolicibacterium smegmatis
NC_042056,Erwinia amylovora
NC_042057,Escherichia coli
NC_042060,Pseudomonas aeruginosa
NC_042065,Salmonella enterica
NC_042066,Salmonella enterica
NC_042067,Citrobacter freundii
NC_042068,Pseudomonas sp.
NC_042069,Pseudomonas sp.
NC_042070,Pseudomonas sp.
NC_042071,Pseudomonas aeruginosa
NC_042072,Pseudomonas aeruginosa
NC_042073,Pseudomonas aeruginosa
NC_042074,Vibrio cholerae
NC_042075,Shigella flexneri
NC_042076,Shigella boydii
NC_042077,Shigella flexneri
NC_042078,Shigella flexneri
NC_042081,Pseudomonas aeruginosa
NC_042082,Stenotrophomonas maltophilia
NC_042083,Gluconobacter cerinus
NC_042084,Escherichia coli
NC_042085,Corynebacterium vitaeruminis
NC_042086,Corynebacterium vitaeruminis
NC_042087,Corynebacterium vitaeruminis
NC_042088,Gordonia terrae
NC_042089,Gordonia terrae
NC_042090,Proteus mirabilis
NC_042091,Pseudomonas syringae
NC_042092,Pseudomonas syringae
NC_042093,Klebsiella pneumoniae
NC_042094,Vibrio harveyi
NC_042095,Vibrio harveyi
NC_042096,Salmonella enterica
NC_042097,Salmonella enterica
NC_042098,Erwinia amylovora
NC_042099,Microbacterium foliorum
NC_042100,Vibrio alginolyticus
NC_042101,Enterococcus faecalis
NC_042102,Gordonia terrae
NC_042105,Streptomyces viridochromogenes
NC_042106,Streptomyces lividans
NC_042107,Pseudomonas tolaasii
NC_042108,Gordonia terrae
NC_042109,Microbacterium foliorum
NC_042110,Microbacterium foliorum
NC_042111,Microbacterium foliorum
NC_042112,Campylobacter jejuni
NC_042113,Pseudomonas aeruginosa
NC_042114,Streptococcus pneumoniae
NC_042115,Pseudomonas aeruginosa
NC_042117,Microbacterium foliorum
NC_042118,Microbacterium foliorum
NC_042119,Microbacterium foliorum
NC_042120,Pantoea agglomerans
NC_042122,Enterobacter cloacae
NC_042123,Gordonia terrae
NC_042124,Acinetobacter baumannii
NC_042125,Enterococcus faecalis
NC_042126,Enterococcus faecalis
NC_042127,Enterococcus faecalis
NC_042128,Escherichia coli
NC_042129,Escherichia coli
NC_042130,Escherichia coli
NC_042131,Pectobacterium atrosepticum
NC_042132,Gordonia terrae
NC_042133,Bacillus subtilis
NC_042134,Enterococcus faecalis
NC_042136,Vibrio harveyi
NC_042137,Acinetobacter baumannii
NC_038017,Sulfolobus sp.
NC_036595,Aeropyrum pernix
NC_035464,Metallosphaera sp.
NC_034619,Sulfolobus islandicus
NC_034248,Rhizobium etli
NC_029548,Pyrobaculum arsenaticum
NC_031021,Salmonella enterica
NC_031045,Salmonella enterica
NC_031900,Synechococcus sp.
NC_031901,Streptococcus pneumoniae
NC_031902,Salmonella enterica
NC_031903,Synechococcus sp.
NC_031904,Flavobacterium psychrophilum
NC_031905,Flavobacterium psychrophilum
NC_031906,Synechococcus sp.
NC_031907,Streptococcus pneumoniae
NC_031908,Pseudoalteromonas marina
NC_031909,Campylobacter jejuni
NC_031910,Streptococcus pneumoniae
NC_031911,Flavobacterium psychrophilum
NC_031912,Flavobacterium psychrophilum
NC_031913,Streptococcus pneumoniae
NC_031914,Flavobacterium psychrophilum
NC_031915,Streptococcus pneumoniae
NC_031917,Pseudoalteromonas atlantica
NC_031918,Salmonella enterica
NC_031919,Flavobacterium psychrophilum
NC_031920,Streptococcus pneumoniae
NC_031921,Flavobacterium psychrophilum
NC_031922,Synechococcus sp.
NC_031923,Streptococcus pneumoniae
NC_031924,Klebsiella pneumoniae
NC_031925,Salmonella enterica
NC_031926,Flavobacterium psychrophilum
NC_031927,Synechococcus sp.
NC_031928,Escherichia coli
NC_031929,Streptococcus pneumoniae
NC_031930,Salmonella enterica
NC_031931,Flavobacterium psychrophilum
NC_031932,Flavobacterium psychrophilum
NC_031933,Salmonella enterica
NC_031934,Escherichia coli
NC_031935,Synechococcus sp.
NC_031936,Gordonia alkanivorans
NC_031937,Escherichia coli
NC_031938,Flavobacterium psychrophilum
NC_031939,Salmonella enterica
NC_031940,Salmonella enterica
NC_031941,Streptococcus pneumoniae
NC_031942,Streptococcus pneumoniae
NC_031943,Escherichia coli
NC_031944,Synechococcus sp.
NC_031945,Flavobacterium psychrophilum
NC_031946,Salmonella enterica
NC_031226,Gordonia terrae
NC_031228,Salmonella enterica
NC_031229,Gordonia terrae
NC_031230,Gordonia terrae
NC_031233,Gordonia terrae
NC_031234,Gordonia terrae
NC_031235,Synechococcus sp.
NC_031237,Gordonia terrae
NC_031238,Mycolicibacterium smegmatis
NC_031239,Gordonia terrae
NC_031241,Staphylococcus epidermidis
NC_031242,Synechococcus sp.
NC_031243,Mycolicibacterium smegmatis
NC_031245,Bacillus subtilis
NC_031246,Klebsiella pneumoniae
NC_031247,Gordonia terrae
NC_031249,Gordonia terrae
NC_031250,Salmonella enterica
NC_031251,Gordonia terrae
NC_031252,[Arthrobacter] sp. ATCC 21022
NC_031253,Mycolicibacterium smegmatis
NC_031256,Mycolicibacterium smegmatis
NC_031257,Mycolicibacterium smegmatis
NC_031258,Salmonella enterica
NC_031260,Enterococcus faecium
NC_031261,Mycolicibacterium smegmatis
NC_031262,Mycolicibacterium smegmatis
NC_031263,Mycolicibacterium smegmatis
NC_031264,Brucella inopinata
NC_031265,Gordonia terrae
NC_031266,Mycolicibacterium smegmatis
NC_031267,Gordonia terrae
NC_031269,Gordonia terrae
NC_031271,Salmonella enterica
NC_031274,Pseudomonas aeruginosa
NC_031277,Mycolicibacterium smegmatis
NC_031279,Mycolicibacterium smegmatis
NC_031280,Acinetobacter baumannii
NC_031281,Mycolicibacterium smegmatis
NC_030953,Shigella sonnei
NC_031001,Gordonia terrae
NC_031002,Lactococcus lactis
NC_031003,Cutibacterium acnes
NC_031004,Gordonia terrae
NC_031006,Bacillus thuringiensis
NC_031007,Erwinia amylovora
NC_031008,Staphylococcus aureus
NC_031009,Lactococcus lactis
NC_031010,Erwinia amylovora
NC_031011,Shigella sonnei
NC_031012,Bacillus thuringiensis
NC_031013,Lactococcus lactis
NC_031014,Pseudomonas syringae
NC_031016,Lactococcus garvieae
NC_031017,Lactococcus lactis
NC_031018,Citrobacter freundii
NC_031019,Salmonella enterica
NC_031020,Morganella sp. (in: enterobacteria)
NC_031022,Shigella sonnei
NC_031023,Streptococcus thermophilus
NC_031024,Bacillus thuringiensis
NC_031025,Klebsiella pneumoniae
NC_031026,Salmonella enterica
NC_031027,Bacillus thuringiensis
NC_031028,Gordonia terrae
NC_031029,Gordonia terrae
NC_031031,Gordonia terrae
NC_031034,Bacillus thuringiensis
NC_031035,Mycolicibacterium smegmatis
NC_031036,Lacticaseibacillus casei
NC_031037,Bacillus thuringiensis
NC_031039,Bacillus subtilis
NC_031040,Lactococcus lactis
NC_031041,Mycolicibacterium smegmatis
NC_031042,Salmonella enterica
NC_031043,Erwinia amylovora
NC_031044,Lactococcus lactis
NC_031046,Staphylococcus aureus
NC_031047,Escherichia coli
NC_031048,Enterobacter sp. CT7
NC_031049,Bacillus thuringiensis
NC_031050,Escherichia coli
NC_031051,Enterococcus faecalis
NC_031052,Gordonia terrae
NC_031053,Klebsiella pneumoniae
NC_031054,Bacillus thuringiensis
NC_031055,Bacillus cereus
NC_031056,Bacillus cereus
NC_031059,Rhodovulum sp. P5
NC_031060,Gordonia terrae
NC_031061,Gordonia terrae
NC_031063,Pseudomonas aeruginosa
NC_031064,Lactococcus lactis
NC_031065,Salmonella enterica
NC_031066,Citrobacter freundii
NC_031067,Mycolicibacterium smegmatis
NC_031069,Streptococcus thermophilus
NC_031070,Bacillus thuringiensis
NC_031071,Lactococcus lactis
NC_031072,Gordonia terrae
NC_031073,Pseudomonas aeruginosa
NC_031074,Gordonia terrae
NC_031075,Lactococcus lactis
NC_031076,Propionibacterium freudenreichii
NC_031077,Enterobacter sp. CT7
NC_031078,Streptomyces griseus
NC_031080,Mycolicibacterium smegmatis
NC_031081,Escherichia coli
NC_031082,Escherichia coli
NC_031084,Cutibacterium acnes
NC_031085,Shigella sonnei
NC_031086,Acinetobacter baumannii
NC_031087,Klebsiella pneumoniae
NC_031090,Shigella sonnei
NC_031091,Pseudomonas aeruginosa
NC_031092,Citrobacter freundii
NC_031094,Streptococcus thermophilus
NC_031095,Klebsiella oxytoca
NC_031096,Pectobacterium atrosepticum
NC_031097,Gordonia terrae
NC_031098,Acinetobacter baumannii
NC_031099,Gordonia terrae
NC_031100,Bacillus thuringiensis
NC_031101,Weissella sp.
NC_031102,Mycolicibacterium smegmatis
NC_031103,Escherichia coli
NC_031104,Pseudomonas aeruginosa
NC_031108,Propionibacterium freudenreichii
NC_031109,Gordonia terrae
NC_031110,Pseudomonas aeruginosa
NC_031112,Gordonia terrae
NC_031113,Escherichia coli
NC_031114,Escherichia coli
NC_031115,Morganella sp. (in: enterobacteria)
NC_031116,Bacillus thuringiensis
NC_031117,Acinetobacter baumannii
NC_031118,Gordonia terrae
NC_031119,Cutibacterium acnes
NC_031120,Erwinia amylovora
NC_031122,Gordonia terrae
NC_031123,Citrobacter freundii
NC_031124,Mycolicibacterium smegmatis
NC_031125,Lacticaseibacillus casei
NC_031126,Erwinia amylovora
NC_031127,Erwinia amylovora
NC_031128,Salmonella enterica
NC_031129,Salmonella enterica
NC_030901,Gordonia terrae
NC_030902,Gordonia malaquae
NC_030904,Sutcliffiella halmapala
NC_030905,Gordonia terrae
NC_030906,Gordonia malaquae
NC_030907,Gordonia malaquae
NC_030908,Pseudomonas aeruginosa
NC_030910,Pseudomonas aeruginosa
NC_030911,Gordonia terrae
NC_030912,Gordonia neofelifaecis
NC_030913,Gordonia terrae
NC_030914,Gordonia terrae
NC_030915,Gordonia terrae
NC_030916,Tsukamurella paurometabola
NC_030917,Gordonia terrae
NC_030918,Pseudomonas aeruginosa
NC_030919,Salmonella enterica
NC_030920,Priestia megaterium
NC_030923,Pseudomonas putida
NC_030924,Gordonia terrae
NC_030925,Bacillus sp. (in: firmicutes)
NC_030927,Gordonia terrae
NC_030929,Pseudomonas aeruginosa
NC_030930,Gordonia terrae
NC_030931,Pseudomonas aeruginosa
NC_030932,Gordonia sputi
NC_030933,Staphylococcus aureus
NC_030934,Pseudomonas syringae
NC_030935,Gordonia rubripertincta
NC_030936,Gordonia terrae
NC_030939,Gordonia malaquae
NC_030940,Pseudomonas aeruginosa
NC_030941,Gordonia terrae
NC_030942,Gordonia terrae
NC_030943,Gordonia terrae
NC_030944,Gordonia terrae
NC_030945,Alkalihalobacillus alcalophilus
NC_030946,Streptococcus pneumoniae
NC_030947,Clostridium tetani
NC_030949,Clostridium tetani
NC_030950,Clostridium tetani
NC_030951,Clostridium tetani
NC_030884,Sulfolobus islandicus
NC_030848,Haloarcula californiae
NC_030694,Gordonia terrae
NC_030695,Gordonia terrae
NC_030696,Gordonia terrae
NC_030698,Gordonia terrae
NC_029057,Vibrio parahaemolyticus
NC_029058,Limosilactobacillus fermentum
NC_029059,Mycolicibacterium smegmatis
NC_029060,Gordonia sp. (in: high G+C Gram-positive bacteria)
NC_029061,Rhodoferax lacus
NC_029066,Pseudomonas sp. 1-1-1b
NC_029067,Vibrio sp. 12A10
NC_029068,Limosilactobacillus fermentum
NC_029071,Salmonella enterica
NC_029074,Gordonia sp. (in: high G+C Gram-positive bacteria)
NC_029075,Achromobacter xylosoxidans
NC_029077,Mycolicibacterium smegmatis
NC_029078,Erysipelothrix rhusiopathiae
NC_029079,Mycolicibacterium smegmatis
NC_029081,Pectobacterium atrosepticum
NC_029083,Pseudomonas aeruginosa
NC_029084,Paenibacillus larvae
NC_029091,Escherichia coli
NC_029092,Caulobacter sp.
NC_029093,Mycolicibacterium smegmatis
NC_029094,Pseudoalteromonas marina
NC_029097,Rhodobacter capsulatus
NC_029098,Streptomyces lividans
NC_029099,Klebsiella pneumoniae
NC_029100,Pseudoalteromonas sp. Bq0
NC_029101,Pseudomonas aeruginosa
NC_029102,Enterobacter cloacae
NC_029104,Brevibacillus laterosporus
NC_029106,Achromobacter xylosoxidans
NC_029107,Ralstonia solanacearum
NC_029116,Clostridioides difficile
NC_029118,Lactococcus garvieae
NC_029119,Staphylococcus epidermidis
NC_029120,Shigella sonnei
NC_029121,Bacillus pumilus
NC_029046,Sinorhizobium sp. LM21
NC_029048,Clostridioides difficile
NC_029045,Salmonella enterica
NC_029042,Salmonella enterica
NC_029044,Mycolicibacterium smegmatis
NC_024206,Lactobacillus gasseri
NC_028745,Pseudomonas aeruginosa
NC_028746,Paenibacillus larvae
NC_028747,Mycolicibacterium smegmatis
NC_028749,Brevibacillus laterosporus
NC_028750,Klebsiella pneumoniae
NC_028751,Mycolicibacterium smegmatis
NC_028754,Salmonella enterica
NC_028755,Citrobacter sp.
NC_028758,Paenibacillus larvae
NC_028759,Mycolicibacterium smegmatis
NC_028760,Klebsiella pneumoniae
NC_028762,Proteus mirabilis
NC_028764,Clostridioides difficile
NC_028765,Staphylococcus sp.
NC_028766,Mannheimia haemolytica
NC_028767,Paenibacillus larvae
NC_028768,Achromobacter xylosoxidans
NC_028770,Pseudomonas aeruginosa
NC_028772,Klebsiella aerogenes
NC_028773,Cronobacter sakazakii
NC_028774,Klebsiella pneumoniae
NC_028775,Staphylococcus aureus
NC_028776,Escherichia coli
NC_028777,Priestia megaterium
NC_028778,Mycolicibacterium smegmatis
NC_028779,Mycolicibacterium smegmatis
NC_028782,Priestia megaterium
NC_028783,Lacticaseibacillus paracasei
NC_028784,Mycolicibacterium smegmatis
NC_028785,Mycolicibacterium smegmatis
NC_028786,Klebsiella pneumoniae
NC_028788,Paenibacillus larvae
NC_028789,Bacillus cereus
NC_028791,Mycolicibacterium smegmatis
NC_028792,Mycolicibacterium smegmatis
NC_028794,Mycolicibacterium smegmatis
NC_028795,Enterobacter cloacae
NC_028796,Mycolicibacterium smegmatis
NC_028798,Mycolicibacterium smegmatis
NC_028799,Vibrio cholerae
NC_028800,Klebsiella pneumoniae
NC_028801,Mycolicibacterium smegmatis
NC_028803,Mycolicibacterium smegmatis
NC_028804,Mycolicibacterium smegmatis
NC_028805,Brevibacillus laterosporus
NC_028807,Streptomyces flavovirens
NC_028808,Escherichia coli
NC_028809,Pseudomonas aeruginosa
NC_028810,Mycolicibacterium smegmatis
NC_028812,Proteus mirabilis
NC_028813,Mycolicibacterium smegmatis
NC_028815,Mycolicibacterium smegmatis
NC_028816,Klebsiella pneumoniae
NC_028817,Pseudomonas aeruginosa
NC_028818,Streptomyces griseus
NC_028819,Pseudoalteromonas marina
NC_028820,Yersinia enterocolitica
NC_028821,Staphylococcus epidermidis
NC_028822,Escherichia coli
NC_028823,Mycolicibacterium smegmatis
NC_028825,Escherichia coli
NC_028826,Enterococcus faecium
NC_028827,Streptomyces venezuelae
NC_028828,Mycolicibacterium smegmatis
NC_028829,Vibrio alginolyticus
NC_028830,Lacticaseibacillus paracasei
NC_028831,Escherichia coli
NC_028832,Mycolicibacterium smegmatis
NC_028834,Achromobacter xylosoxidans
NC_028835,Lacticaseibacillus paracasei
NC_028836,Pseudomonas aeruginosa
NC_028837,Paenibacillus larvae
NC_028838,Clostridioides difficile
NC_028841,Paenibacillus larvae
NC_028842,Mycolicibacterium smegmatis
NC_028843,Mycolicibacterium smegmatis
NC_028844,Mycolicibacterium smegmatis
NC_028846,Mycolicibacterium smegmatis
NC_028848,Acinetobacter baumannii
NC_028849,Mycolicibacterium smegmatis
NC_028850,Yersinia enterocolitica
NC_028851,Paenibacillus larvae
NC_028852,Mycolicibacterium smegmatis
NC_028853,Mannheimia haemolytica
NC_028854,Paenibacillus larvae
NC_028855,Acinetobacter sp.
NC_028856,Priestia megaterium
NC_028857,Citrobacter freundii
NC_028859,Staphylococcus aureus
NC_028860,Mycolicibacterium smegmatis
NC_028861,Mycolicibacterium smegmatis
NC_028862,Staphylococcus aureus
NC_028863,Escherichia coli
NC_028865,Tsukamurella inchonensis
NC_028869,Mycolicibacterium smegmatis
NC_028870,Klebsiella pneumoniae
NC_028871,Listeria monocytogenes
NC_028872,Escherichia coli
NC_028874,Mycolicibacterium smegmatis
NC_028877,Mycolicibacterium smegmatis
NC_028878,Mycolicibacterium smegmatis
NC_028879,Pseudomonas aeruginosa
NC_028880,Citrobacter freundii
NC_028881,Escherichia coli
NC_028882,Pseudomonas aeruginosa
NC_028883,Clostridioides difficile
NC_028885,Pseudomonas aeruginosa
NC_028886,Bacillus thuringiensis
NC_028887,Bacillus thuringiensis
NC_028888,Lacticaseibacillus paracasei
NC_028889,Mycolicibacterium smegmatis
NC_028890,Bacillus thuringiensis
NC_028892,Streptomyces griseus
NC_028894,Escherichia coli
NC_028895,Vibrio cholerae
NC_028896,Escherichia coli
NC_028897,Mycolicibacterium smegmatis
NC_028898,Mannheimia haemolytica
NC_028899,Ralstonia solanacearum
NC_028900,Lactococcus lactis
NC_028901,Escherichia coli
NC_028903,Escherichia coli
NC_028904,Streptomyces venezuelae
NC_028905,Clostridioides difficile
NC_028906,Mycolicibacterium smegmatis
NC_028907,Mycolicibacterium smegmatis
NC_028908,Achromobacter xylosoxidans
NC_028910,Mycolicibacterium smegmatis
NC_028911,Lacticaseibacillus paracasei
NC_028912,Mycolicibacterium smegmatis
NC_028914,Mycolicibacterium smegmatis
NC_028915,Staphylococcus aureus
NC_028916,Proteus mirabilis
NC_028917,Staphylococcus aureus
NC_028919,Pseudomonas aeruginosa
NC_028920,Mycolicibacterium smegmatis
NC_028922,Mycolicibacterium smegmatis
NC_028925,Escherichia coli
NC_028926,Priestia megaterium
NC_028927,Escherichia coli
NC_028928,Mycolicibacterium smegmatis
NC_028929,Listeria monocytogenes
NC_028930,Paenibacillus larvae
NC_028931,Pseudomonas aeruginosa
NC_028932,Mycolicibacterium smegmatis
NC_028933,Pseudomonas aeruginosa
NC_028934,Mycolicibacterium smegmatis
NC_028935,Escherichia coli
NC_028936,Mycolicibacterium smegmatis
NC_028937,Mycolicibacterium smegmatis
NC_028939,Pseudomonas aeruginosa
NC_028941,Mycolicibacterium smegmatis
NC_028942,Mycolicibacterium smegmatis
NC_028943,Escherichia coli
NC_028944,Bacillus thuringiensis
NC_028945,Sinorhizobium meliloti
NC_028946,Mycolicibacterium smegmatis
NC_028947,Mycolicibacterium smegmatis
NC_028951,Clostridioides difficile
NC_028952,Streptomyces flavovirens
NC_028953,Mycolicibacterium smegmatis
NC_028954,Rhodobacter capsulatus
NC_028956,Mannheimia haemolytica
NC_028957,Escherichia coli
NC_028958,Clostridioides difficile
NC_028959,Clostridioides difficile
NC_028961,Mycolicibacterium smegmatis
NC_028962,Staphylococcus sp.
NC_028965,Mycolicibacterium smegmatis
NC_028966,Tsukamurella inchonensis
NC_028967,Cutibacterium acnes
NC_028968,Mycolicibacterium smegmatis
NC_028969,Brevibacillus laterosporus
NC_028971,Pseudomonas aeruginosa
NC_028972,Gordonia sp. (in: high G+C Gram-positive bacteria)
NC_028974,Streptomyces griseus
NC_028976,Streptomyces griseus
NC_028977,Klebsiella pneumoniae
NC_028978,Mycolicibacterium smegmatis
NC_028979,Mycolicibacterium smegmatis
NC_028980,Pseudomonas aeruginosa
NC_028982,Bacillus cereus
NC_028983,Bacillus cereus
NC_028984,Streptococcus mutans
NC_028986,Mycolicibacterium smegmatis
NC_028987,Acinetobacter baumannii
NC_028988,Ralstonia solanacearum
NC_028990,Enterococcus faecalis
NC_028991,Clostridium tetani
NC_028995,Acinetobacter soli
NC_028997,Escherichia coli
NC_028998,Phormidium sp. MIS-PhA
NC_028999,Pseudomonas aeruginosa
NC_029000,Stenotrophomonas maltophilia
NC_029002,Microcystis aeruginosa
NC_029004,Clostridium tetani
NC_029006,Clostridium tetani
NC_029007,Ralstonia solanacearum
NC_029008,Bacillus thuringiensis
NC_029009,Enterococcus faecalis
NC_029010,Staphylococcus aureus
NC_029012,Parabacteroides distasonis
NC_029013,Citrobacter freundii
NC_029014,Parabacteroides merdae
NC_029016,Enterococcus faecalis
NC_029017,Pseudomonas aeruginosa
NC_029019,Stenotrophomonas maltophilia
NC_029021,Escherichia coli
NC_029022,Clostridium tetani
NC_029023,Shimwellia blattae
NC_029024,Bacillus cereus
NC_029025,Staphylococcus haemolyticus
NC_029026,Enterococcus faecalis
NC_029028,Escherichia coli
NC_029029,Brevibacillus laterosporus
NC_029030,Streptococcus mutans
NC_029031,Synechococcus sp. WH 7803
NC_029032,Phormidium sp. MIS-PhA
NC_029033,Achromobacter xylosoxidans
NC_028247,Citrobacter freundii
NC_028742,Mycolicibacterium smegmatis
NC_028743,Mannheimia haemolytica
NC_028744,Mycolicibacterium smegmatis
NC_028652,Pseudomonas aeruginosa
NC_028653,Gordonia terrae
NC_028654,Mycolicibacterium smegmatis
NC_028655,Yersinia enterocolitica
NC_028656,Escherichia coli
NC_028657,Pseudomonas aeruginosa
NC_028658,Mycolicibacterium smegmatis
NC_028659,Klebsiella pneumoniae
NC_028660,Escherichia coli
NC_028661,Pseudomonas syringae
NC_028662,Mycolicibacterium phlei
NC_028663,Prochlorococcus marinus
NC_028664,Klebsiella pneumoniae
NC_028665,Gordonia terrae
NC_028666,Streptococcus parauberis
NC_028667,Pseudomonas aeruginosa
NC_028668,Gordonia malaquae
NC_028669,Staphylococcus aureus
NC_028670,Klebsiella pneumoniae
NC_028672,Cronobacter sp.
NC_028673,Gordonia malaquae
NC_028674,Mycolicibacterium smegmatis
NC_028675,Acinetobacter baumannii
NC_028676,Sinorhizobium meliloti
NC_028677,Rhodococcus erythropolis
NC_028678,Mycolicibacterium smegmatis
NC_028679,Acinetobacter baumannii
NC_028680,Mycolicibacterium smegmatis
NC_028681,Mycolicibacterium smegmatis
NC_028682,Mycolicibacterium smegmatis
NC_028683,Edwardsiella ictaluri
NC_028684,Acinetobacter baumannii
NC_028685,Shigella sonnei
NC_028687,Mycolicibacterium smegmatis
NC_028688,Klebsiella pneumoniae
NC_028689,Mycolicibacterium smegmatis
NC_028690,Mycolicibacterium smegmatis
NC_028691,Mycolicibacterium smegmatis
NC_028694,Cutibacterium acnes
NC_028697,Streptococcus pyogenes
NC_028698,Salmonella enterica
NC_028699,Salmonella enterica
NC_028700,Streptococcus pyogenes
NC_028702,Delftia sp. 670
NC_028448,Escherichia coli
NC_028449,Escherichia coli
NC_028256,Aeropyrum pernix
NC_028268,Aeropyrum pernix
NC_028248,Escherichia coli
NC_027983,Escherichia coli
NC_027987,Leuconostoc mesenteroides
NC_027995,Escherichia coli
NC_027979,Escherichia coli
NC_027980,Enterobacter cloacae
NC_027981,Vibrio parahaemolyticus
NC_027982,Limosilactobacillus fermentum
NC_027984,Escherichia coli
NC_027985,Mycolicibacterium smegmatis
NC_027993,Escherichia coli
NC_027994,Escherichia coli
NC_027997,Campylobacter sp.
NC_027620,Cutibacterium acnes
NC_027621,Cutibacterium acnes
NC_027622,Cutibacterium acnes
NC_027624,Cutibacterium acnes
NC_027625,Cutibacterium acnes
NC_027626,Cutibacterium acnes
NC_027627,Cutibacterium acnes
NC_027628,Cutibacterium acnes
NC_027629,Cutibacterium acnes
NC_027630,Cutibacterium acnes
NC_027295,Cutibacterium acnes
NC_027296,Rhizobium etli
NC_027297,Salmonella enterica
NC_027299,Sulfitobacter sp. CB2047
NC_027329,Salmonella enterica
NC_027330,Escherichia coli
NC_027331,Citrobacter freundii
NC_027332,Acinetobacter baumannii
NC_027333,Cutibacterium acnes
NC_027334,Aurantimonas sp. C5-1
NC_027336,Cutibacterium acnes
NC_027337,Escherichia coli
NC_027339,Shigella flexneri
NC_027340,Erwinia amylovora
NC_027341,Lactococcus lactis
NC_027342,Proteus mirabilis
NC_027345,Pseudomonas aeruginosa
NC_027346,Cutibacterium acnes
NC_027347,Cutibacterium acnes
NC_027348,Delftia tsuruhatensis
NC_027350,Citrobacter freundii
NC_027352,Bacillus cereus
NC_027353,Yersinia pestis
NC_027354,Cutibacterium acnes
NC_027355,Bacillus cereus
NC_027356,Escherichia coli
NC_027357,Cutibacterium acnes
NC_027358,Leuconostoc mesenteroides
NC_027360,Salmonella enterica
NC_027361,Cutibacterium acnes
NC_027362,Cutibacterium acnes
NC_027363,Proteus mirabilis
NC_027364,Escherichia coli
NC_027365,Mycolicibacterium smegmatis
NC_027366,Priestia megaterium
NC_027367,Cutibacterium acnes
NC_027368,Vibrio vulnificus
NC_027369,Escherichia coli
NC_027370,Cutibacterium acnes
NC_027371,Cutibacterium acnes
NC_027372,Priestia megaterium
NC_027373,Cutibacterium acnes
NC_027374,Priestia megaterium
NC_027375,Pseudomonas aeruginosa
NC_027376,Cutibacterium acnes
NC_027377,Leuconostoc mesenteroides
NC_027378,Escherichia coli
NC_027379,Proteus mirabilis
NC_027380,Cutibacterium acnes
NC_027381,Escherichia coli
NC_027382,Shigella flexneri
NC_027383,Escherichia coli
NC_027384,Pseudomonas aeruginosa
NC_027385,Cutibacterium acnes
NC_027386,Cutibacterium acnes
NC_027387,Escherichia coli
NC_027388,Pseudomonas aeruginosa
NC_027389,Cutibacterium acnes
NC_027390,Proteus mirabilis
NC_027391,Cutibacterium acnes
NC_027392,Cutibacterium acnes
NC_027393,Vibrio cholerae
NC_027394,Priestia megaterium
NC_027395,Escherichia coli
NC_027396,Streptococcus pneumoniae
NC_027397,Vibrio cholerae
NC_027398,Shigella flexneri
NC_027399,Klebsiella pneumoniae
NC_027400,Cutibacterium acnes
NC_027401,Cutibacterium acnes
NC_027403,Cutibacterium acnes
NC_027405,Cutibacterium acnes
NC_027292,Pseudomonas fluorescens
NC_027294,Cutibacterium acnes
NC_027293,Citrobacter freundii
NC_027204,Sinorhizobium meliloti
NC_027125,Flavobacterium columnare
NC_021190,Escherichia coli
NC_027118,Vibrio cholerae
NC_027119,Salmonella enterica
NC_027120,Lactococcus lactis
NC_026583,Mycolicibacterium smegmatis
NC_026584,Mycolicibacterium smegmatis
NC_026585,Mycolicibacterium smegmatis
NC_026586,Pseudomonas aeruginosa
NC_026587,Pseudomonas aeruginosa
NC_026589,Mycolicibacterium smegmatis
NC_026590,Mycolicibacterium smegmatis
NC_026591,Mycolicibacterium smegmatis
NC_026593,Mycolicibacterium smegmatis
NC_026594,Pseudomonas aeruginosa
NC_026596,Mycolicibacterium smegmatis
NC_026598,Mycolicibacterium smegmatis
NC_026599,Pseudomonas aeruginosa
NC_026600,Pseudomonas aeruginosa
NC_026601,Pseudomonas aeruginosa
NC_026602,Pseudomonas aeruginosa
NC_026603,Mycolicibacterium smegmatis
NC_026604,Mycolicibacterium smegmatis
NC_026605,Mycolicibacterium smegmatis
NC_026606,Arthrobacter sp.
NC_026608,Paracoccus marcusii
NC_026609,Lactobacillus delbrueckii
NC_026010,Shigella flexneri
NC_026014,Escherichia coli
NC_026016,Staphylococcus aureus
NC_026017,Salmonella enterica
NC_025822,Vibrio alginolyticus
NC_025829,Shigella sonnei
NC_025830,Escherichia coli
NC_023693,Escherichia coli
NC_025416,Staphylococcus aureus
NC_025417,Staphylococcus xylosus
NC_025422,Caulobacter vibrioides
NC_025423,Bacillus cereus
NC_025434,Shigella flexneri
NC_025437,Shigella flexneri
NC_025440,Listeria monocytogenes
NC_025441,Escherichia coli
NC_025445,Escherichia coli
NC_025446,Escherichia coli
NC_025453,Enterococcus faecalis
NC_025454,Ralstonia solanacearum
NC_025460,Staphylococcus aureus
NC_025470,Shewanella sp.
NC_025471,Idiomarinaceae bacterium M2-2
NC_025415,Lactobacillus delbrueckii
NC_025419,Escherichia coli
NC_025420,Lactobacillus delbrueckii
NC_025421,Lactobacillus delbrueckii
NC_025424,Bacillus thuringiensis
NC_025425,Escherichia coli
NC_025426,Staphylococcus aureus
NC_025427,Rhizobium leguminosarum
NC_025428,Ruegeria pomeroyi
NC_025429,Rhizobium leguminosarum
NC_025430,Escherichia coli
NC_025431,Mesorhizobium loti
NC_025433,Mycolicibacterium smegmatis
NC_025436,Shewanella sp.
NC_025438,Mycolicibacterium smegmatis
NC_025439,Idiomarinaceae bacterium N2-2
NC_025442,Salmonella enterica
NC_025443,Salmonella enterica
NC_025447,Escherichia coli
NC_025448,Escherichia coli
NC_025449,Escherichia coli
NC_025450,Lelliottia sp. GL2
NC_025451,Yersinia enterocolitica
NC_025452,Dickeya sp.
NC_025455,Synechococcus sp. CB0208
NC_025456,Synechococcus sp. CB0101
NC_025457,Acinetobacter baumannii
NC_025458,Shewanella sp.
NC_025459,Aeromonas hydrophila
NC_025461,Synechococcus sp. CB0101
NC_025462,Acinetobacter baumannii
NC_025463,Shewanella sp.
NC_025464,Synechococcus sp. CB0101
NC_025465,Enterococcus faecalis
NC_025466,Shewanella sp.
NC_025467,Enterococcus faecium
NC_025213,Nanohaloarchaea archaeon AB578-D14
NC_025115,Ralstonia solanacearum
NC_024782,Pseudomonas aeruginosa
NC_024783,Escherichia coli
NC_024784,Escherichia coli
NC_024785,Acinetobacter baumannii
NC_024787,Listeria monocytogenes
NC_024789,Escherichia coli
NC_024790,Escherichia coli
NC_024791,Vibrio cholerae
NC_024792,Bacillus pumilus
NC_024793,Escherichia coli
NC_024794,Escherichia coli
NC_024354,Cronobacter sakazakii
NC_024356,Enterococcus faecium
NC_024358,Trichormus variabilis
NC_024359,Listeria monocytogenes
NC_024362,Pseudomonas syringae
NC_024363,Mycolicibacterium smegmatis
NC_024366,Mycolicibacterium smegmatis
NC_024367,Dinoroseobacter shibae
NC_024368,Mycolicibacterium smegmatis
NC_024369,Vibrio cholerae
NC_024371,Mycolicibacterium smegmatis
NC_024375,Listeria monocytogenes
NC_024378,Leuconostoc mesenteroides
NC_024379,Escherichia coli
NC_024380,Leuconostoc pseudomesenteroides
NC_024381,Pseudomonas aeruginosa
NC_024383,Listeria monocytogenes
NC_024384,Listeria monocytogenes
NC_024385,Leuconostoc pseudomesenteroides
NC_024386,Leuconostoc mesenteroides
NC_024387,Listeria monocytogenes
NC_024388,Leuconostoc mesenteroides
NC_024389,Leuconostoc mesenteroides
NC_024390,Leuconostoc pseudomesenteroides
NC_024391,Staphylococcus aureus
NC_024392,Listeria monocytogenes
NC_024330,Pseudomonas aeruginosa
NC_024357,Streptococcus pneumoniae
NC_024360,Listeria monocytogenes
NC_024361,Streptococcus pneumoniae
NC_024364,Listeria monocytogenes
NC_024365,Pseudomonas syringae
NC_024370,Streptococcus pneumoniae
NC_023558,Cronobacter turicensis
NC_024203,Lactococcus lactis
NC_024204,Salmonella enterica
NC_024208,Lactococcus lactis
NC_024209,Mycolicibacterium smegmatis
NC_024212,Enterococcus faecalis
NC_024214,Lactococcus lactis
NC_024215,Lactococcus lactis
NC_024216,Bacillus thuringiensis
NC_024134,Escherichia coli
NC_024135,Mycolicibacterium smegmatis
NC_024136,Mycolicibacterium smegmatis
NC_024137,Bacillus cereus
NC_024138,Mycolicibacterium smegmatis
NC_024139,Escherichia coli
NC_024140,Pseudomonas aeruginosa
NC_024141,Mycolicibacterium smegmatis
NC_024143,Mycolicibacterium smegmatis
NC_024146,Escherichia coli
NC_024147,Mycolicibacterium smegmatis
NC_024148,Mycolicibacterium smegmatis
NC_024149,Lactococcus garvieae
NC_024121,Serratia marcescens
NC_024123,Pseudomonas aeruginosa
NC_024125,Escherichia coli
NC_022768,Salmonella enterica
NC_022774,Priestia megaterium
NC_022980,Brevibacillus laterosporus
NC_023741,Mycolicibacterium smegmatis
NC_023742,Mycolicibacterium smegmatis
NC_023744,Mycobacterium tuberculosis
NC_023745,Mycolicibacterium smegmatis
NC_023746,Mycolicibacterium smegmatis
NC_023747,Mycolicibacterium smegmatis
NC_023748,Mycolicibacterium smegmatis
NC_023865,Pectobacterium carotovorum
NC_023859,Microbacterium oxydans
NC_023862,Mycolicibacterium smegmatis
NC_023863,Vibrio anguillarum
NC_023686,Mycolicibacterium smegmatis
NC_023687,Mycolicibacterium smegmatis
NC_023688,Aeromonas salmonicida
NC_023689,Mycolicibacterium smegmatis
NC_023690,Mycolicibacterium smegmatis
NC_023691,Mycolicibacterium smegmatis
NC_023692,Mycolicibacterium smegmatis
NC_023694,Prescottella equi
NC_023695,Mycolicibacterium smegmatis
NC_023696,Mycolicibacterium smegmatis
NC_023697,Mycolicibacterium smegmatis
NC_023698,Mycolicibacterium smegmatis
NC_023699,Mycolicibacterium smegmatis
NC_023700,Pseudomonas aeruginosa
NC_023701,Mycolicibacterium smegmatis
NC_023702,Mycolicibacterium smegmatis
NC_023703,Mycolicibacterium smegmatis
NC_023704,Mycolicibacterium smegmatis
NC_023705,Mycolicibacterium smegmatis
NC_023706,Prescottella equi
NC_023707,Mycolicibacterium smegmatis
NC_023708,Mycolicibacterium smegmatis
NC_023709,Mycolicibacterium smegmatis
NC_023710,Mycolicibacterium smegmatis
NC_023711,Mycolicibacterium smegmatis
NC_023712,Mycolicibacterium smegmatis
NC_023713,Mycolicibacterium smegmatis
NC_023714,Mycolicibacterium smegmatis
NC_023715,Yersinia pestis
NC_023716,Mycolicibacterium smegmatis
NC_023717,Cronobacter sakazakii
NC_023719,Priestia megaterium
NC_023720,Mycolicibacterium smegmatis
NC_023721,Mycolicibacterium smegmatis
NC_023722,Prescottella equi
NC_023723,Mycolicibacterium smegmatis
NC_023724,Mycolicibacterium smegmatis
NC_023725,Mycolicibacterium smegmatis
NC_023726,Mycolicibacterium smegmatis
NC_023727,Mycolicibacterium smegmatis
NC_023728,Mycolicibacterium smegmatis
NC_023729,Mycolicibacterium smegmatis
NC_023730,Mycolicibacterium smegmatis
NC_023731,Mycolicibacterium smegmatis
NC_023732,Mycolicibacterium smegmatis
NC_023733,Mycolicibacterium smegmatis
NC_023734,Psychrobacter sp. MV2
NC_023735,Prescottella equi
NC_023736,Ralstonia solanacearum
NC_023737,Mycolicibacterium smegmatis
NC_023738,Mycolicibacterium smegmatis
NC_023739,Mycolicibacterium smegmatis
NC_023740,Mycolicibacterium smegmatis
NC_023743,Escherichia coli
NC_023549,Clavibacter michiganensis
NC_023550,Staphylococcus aureus
NC_023551,Enterococcus sp.
NC_023552,Mycolicibacterium smegmatis
NC_023553,Mycolicibacterium smegmatis
NC_023554,Mycolicibacterium smegmatis
NC_023555,Edwardsiella ictaluri
NC_023556,Achromobacter xylosoxidans
NC_023557,Erwinia amylovora
NC_023561,Enterobacter cloacae
NC_023562,Mycolicibacterium smegmatis
NC_023563,Mycolicibacterium smegmatis
NC_023564,Mycolicibacterium smegmatis
NC_023565,Mycolicibacterium smegmatis
NC_023566,Rhizobium gallicum
NC_023569,Vibrio parahaemolyticus
NC_023570,Acinetobacter baumannii
NC_023572,Mycolicibacterium smegmatis
NC_023574,Lactococcus lactis
NC_023577,Mycolicibacterium smegmatis
NC_023578,Mycolicibacterium smegmatis
NC_023579,Erwinia amylovora
NC_023580,Mycolicibacterium smegmatis
NC_023581,Acinetobacter nosocomialis
NC_023582,Staphylococcus epidermidis
NC_023584,Synechococcus sp. WH 7803
NC_023587,Synechococcus sp. WH 7803
NC_023588,Stenotrophomonas maltophilia
NC_023589,Shigella boydii
NC_023590,Acinetobacter baumannii
NC_023593,Escherichia coli
NC_023597,Mycolicibacterium smegmatis
NC_023599,Bacillus thuringiensis
NC_023604,Mycolicibacterium smegmatis
NC_023605,Vibrio alginolyticus
NC_023606,Mycolicibacterium smegmatis
NC_023609,Mycolicibacterium smegmatis
NC_023612,Geobacillus kaustophilus
NC_023614,Croceibacter atlanticus
NC_023548,Citrobacter rodentium
NC_023560,Oenococcus oeni
NC_023568,Vibrio harveyi
NC_023571,Oenococcus oeni
NC_023573,Staphylococcus aureus
NC_023575,Pseudomonas aeruginosa
NC_023576,Citrobacter rodentium
NC_023583,Pseudomonas aeruginosa
NC_023585,Saccharolobus solfataricus
NC_023592,Haloarcula hispanica
NC_023595,Enterococcus faecalis
NC_023608,Salmonella enterica
NC_023610,Erwinia amylovora
NC_023498,Mycolicibacterium smegmatis
NC_023499,Staphylococcus aureus
NC_023500,Staphylococcus aureus
NC_023502,Rhizobium leguminosarum
NC_023503,Streptococcus thermophilus
NC_022762,Lactobacillus delbrueckii
NC_022764,Priestia megaterium
NC_022763,Bacillus thuringiensis
NC_022765,Bacillus pumilus
NC_022766,Bacillus pumilus
NC_022767,Priestia megaterium
NC_022769,Bacillus thuringiensis
NC_022770,Priestia megaterium
NC_022771,Bacillus subtilis
NC_022772,Salmonella enterica
NC_022773,Bacillus pumilus
NC_023007,Bacillus anthracis
NC_023009,Staphylococcus aureus
NC_022989,Lactobacillus delbrueckii
NC_022965,Mycolicibacterium smegmatis
NC_022966,Pseudomonas aeruginosa
NC_022967,Pseudomonas aeruginosa
NC_022968,Escherichia coli
NC_022969,Mycolicibacterium smegmatis
NC_022970,Pseudomonas aeruginosa
NC_022971,Pseudomonas aeruginosa
NC_022972,Arthrobacter sp.
NC_022973,Mycolicibacterium smegmatis
NC_022974,Pseudomonas aeruginosa
NC_022975,Mycolicibacterium smegmatis
NC_022976,Mycolicibacterium smegmatis
NC_022977,Mycolicibacterium smegmatis
NC_022979,Mycolicibacterium smegmatis
NC_022981,Mycolicibacterium smegmatis
NC_022982,Xylella fastidiosa
NC_022983,Mycolicibacterium smegmatis
NC_022984,Mycolicibacterium smegmatis
NC_022985,Mycolicibacterium smegmatis
NC_022986,Pseudomonas aeruginosa
NC_022987,Xylella fastidiosa
NC_022988,Mycolicibacterium smegmatis
NC_022914,Staphylococcus saprophyticus
NC_022915,Ralstonia solanacearum
NC_022916,Burkholderia cenocepacia
NC_022917,Ralstonia solanacearum
NC_022791,Streptococcus pneumoniae
NC_022761,Bacillus subtilis
NC_022776,Streptococcus thermophilus
NC_022746,Pseudomonas aeruginosa
NC_022747,Vibrio cholerae
NC_022749,Shigella flexneri
NC_022750,Escherichia coli
NC_022751,Leptolyngbya foveolarum
NC_022752,Salmonella enterica
NC_022753,Mycolicibacterium smegmatis
NC_022754,Salmonella enterica
NC_022756,Lacticaseibacillus paracasei
NC_022757,Lacticaseibacillus paracasei
NC_022323,Escherichia coli
NC_022328,Mycolicibacterium smegmatis
NC_022329,Mycolicibacterium smegmatis
NC_022330,Mycolicibacterium smegmatis
NC_022334,Cutibacterium acnes
NC_022335,Cutibacterium acnes
NC_022336,Cutibacterium acnes
NC_022337,Cutibacterium acnes
NC_022338,Cutibacterium acnes
NC_022339,Cutibacterium acnes
NC_022340,Cutibacterium acnes
NC_022341,Cutibacterium acnes
NC_022342,Cutibacterium acnes
NC_022085,Mycolicibacterium smegmatis
NC_022086,Mycolicibacterium smegmatis
NC_022087,Mycolicibacterium smegmatis
NC_022090,Staphylococcus aureus
NC_022091,Pseudomonas aeruginosa
NC_022094,Bacillus anthracis
NC_022096,Pseudomonas aeruginosa
NC_022053,Mycolicibacterium smegmatis
NC_022055,Mycolicibacterium smegmatis
NC_022057,Mycolicibacterium smegmatis
NC_022058,Mycolicibacterium smegmatis
NC_022059,Mycolicibacterium smegmatis
NC_022060,Mycolicibacterium smegmatis
NC_022063,Mycolicibacterium smegmatis
NC_022065,Mycolicibacterium smegmatis
NC_022066,Mycolicibacterium smegmatis
NC_022067,Mycolicibacterium smegmatis
NC_022068,Mycolicibacterium smegmatis
NC_022069,Mycolicibacterium smegmatis
NC_022070,Mycolicibacterium smegmatis
NC_021783,Salmonella enterica
NC_021788,Cellulophaga baltica
NC_021789,Cellulophaga baltica
NC_021790,Cellulophaga baltica
NC_021791,Cellulophaga baltica
NC_021792,Cellulophaga baltica
NC_021793,Cellulophaga baltica
NC_021794,Cellulophaga baltica
NC_021795,Cellulophaga baltica
NC_021796,Cellulophaga baltica
NC_021797,Cellulophaga baltica
NC_021798,Cellulophaga baltica
NC_021799,Cellulophaga baltica
NC_021800,Cellulophaga baltica
NC_021801,Staphylococcus aureus
NC_021802,Cellulophaga baltica
NC_021803,Cellulophaga baltica
NC_021804,Cellulophaga baltica
NC_021805,Cellulophaga baltica
NC_021806,Cellulophaga baltica
NC_021856,Bacillus subtilis
NC_021861,Lactococcus lactis
NC_021862,Ralstonia solanacearum
NC_021863,Staphylococcus aureus
NC_021864,Candidatus Puniceispirillum marinum
NC_021865,Paenibacillus larvae
NC_021866,Ralstonia solanacearum
NC_021867,Flavobacterium psychrophilum
NC_021868,Streptococcus pneumoniae
NC_021772,Salmonella enterica
NC_021773,Staphylococcus aureus
NC_021774,Salmonella enterica
NC_021775,Salmonella enterica
NC_021776,Vibrio parahaemolyticus
NC_021779,Salmonella enterica
NC_021780,Salmonella enterica
NC_021782,Salmonella enterica
NC_021556,Mycobacterium tuberculosis
NC_021562,Vibrio cholerae
NC_021569,Stenotrophomonas maltophilia
NC_021557,Agrobacterium tumefaciens
NC_021558,Paenibacillus glucanolyticus
NC_021559,Prochlorococcus marinus
NC_021560,Agrobacterium tumefaciens
NC_021561,Vibrio sp. YD38
NC_021530,Synechococcus sp. WH 7803
NC_021531,Cronobacter sakazakii
NC_021532,Alteromonas macleodii
NC_021533,Mycolicibacterium smegmatis
NC_021534,Vibrio sp. YD38
NC_021535,Mycolicibacterium smegmatis
NC_021536,Synechococcus sp. WH 7803
NC_021538,Mycolicibacterium smegmatis
NC_021540,Vibrio cholerae
NC_021471,Haloarcula sinaiiensis
NC_021316,Acinetobacter baumannii
NC_021318,Mycobacterium tuberculosis
NC_021319,Haloarcula californiae
NC_021320,Halorubrum sp. s5a-3
NC_021321,Halorubrum sp. B2-2
NC_021322,Haloarcula hispanica
NC_021323,Staphylococcus aureus
NC_021324,Mycolicibacterium smegmatis
NC_021325,Clostridium perfringens
NC_021326,Staphylococcus aureus
NC_021327,Haloarcula californiae
NC_021328,Halogranum sp. SS5-1
NC_021329,Halorubrum sp. s5a-3
NC_021330,Haloarcula californiae
NC_021331,Shigella flexneri
NC_021332,Staphylococcus aureus
NC_021334,Mycolicibacterium smegmatis
NC_021335,Halorubrum sp. B2-2
NC_021336,Bacillus mycoides
NC_021337,Acinetobacter baumannii
NC_021338,Mycobacterium tuberculosis
NC_021339,Streptomyces lividans
NC_021340,Haloarcula hispanica
NC_021342,Edwardsiella ictaluri
NC_021343,Burkholderia pseudomallei
NC_021344,Escherichia coli
NC_021346,Mycolicibacterium smegmatis
NC_021347,Prescottella equi
NC_021348,Mycolicibacterium smegmatis
NC_021349,Mycolicibacterium smegmatis
NC_021297,Mycolicibacterium smegmatis
NC_021298,Streptomyces lividans
NC_021299,Mycolicibacterium smegmatis
NC_021300,Pseudoalteromonas marina
NC_021301,Mycolicibacterium smegmatis
NC_021302,Mycolicibacterium smegmatis
NC_021304,Streptomyces lividans
NC_021305,Mycolicibacterium smegmatis
NC_021307,Mycolicibacterium smegmatis
NC_021308,Mycolicibacterium smegmatis
NC_021309,Mycolicibacterium smegmatis
NC_021310,Mycolicibacterium smegmatis
NC_021311,Mycolicibacterium smegmatis
NC_021067,Vibrio splendidus
NC_021068,Aliivibrio fischeri
NC_021070,Vibrio splendidus
NC_021072,Synechococcus sp. WH 7803
NC_021073,Vibrio splendidus
NC_021061,Mycolicibacterium smegmatis
NC_021062,Pseudomonas fluorescens
NC_021063,Mycobacterium avium
NC_020998,Haloarcula hispanica
NC_020870,Leuconostoc pseudomesenteroides
NC_020871,Listeria monocytogenes
NC_020873,Bacillus cereus
NC_020876,Mycolicibacterium smegmatis
NC_020877,Staphylococcus aureus
NC_020879,Aeromonas sp.
NC_020880,Leuconostoc pseudomesenteroides
NC_020883,Bacillus subtilis
NC_020835,Prochlorococcus marinus
NC_020837,Synechococcus sp. WH 7803
NC_020838,Synechococcus sp. WH 7803
NC_020841,Psychrobacter sp. OW20
NC_020842,Cellulophaga sp. MM#3
NC_020846,Vibrio sp. YD21
NC_020848,Vibrio parahaemolyticus
NC_020849,Pseudoalteromonas sp. YD6
NC_020850,Vibrio parahaemolyticus
NC_020851,Synechococcus sp. WH 7803
NC_020854,Synechococcus sp. WH 7803
NC_020856,Sulfitobacter sp. CB2047
NC_020858,Sulfitobacter sp. CB2047
NC_020859,Synechococcus sp. WH 7803
NC_020860,Cellulophaga sp. MM#3
NC_020862,Sulfitobacter sp. CB2047
NC_020863,Vibrio natriegens
NC_020865,Synechococcus sp. WH 7803
NC_020867,Synechococcus sp. WH 8101
NC_020868,Vibrio parahaemolyticus
NC_020872,Prochlorococcus marinus
NC_020874,Prochlorococcus marinus
NC_020875,Synechococcus sp. WH 8018
NC_020878,Prochlorococcus marinus
NC_020489,Rhodobacter capsulatus
NC_020477,Bacillus pumilus
NC_020478,Bacillus pumilus
NC_020479,Bacillus pumilus
NC_020480,Bacillus pumilus
NC_020481,Candidatus Pelagibacter ubique
NC_020482,Candidatus Pelagibacter ubique
NC_020483,Candidatus Pelagibacter ubique
NC_020484,Candidatus Pelagibacter ubique
NC_020486,Synechococcus sp. WH 7803
NC_020488,Vibrio vulnificus
NC_020416,Salmonella enterica
NC_016989,Haloarcula hispanica
NC_019925,Dickeya solani
NC_020078,Cronobacter sakazakii
NC_020079,Escherichia coli
NC_020080,Klebsiella pneumoniae
NC_020081,Bacillus pumilus
NC_020201,Pectobacterium atrosepticum
NC_020204,Klebsiella pneumoniae
NC_020205,Xanthomonas citri
NC_020197,Streptococcus thermophilus
NC_020158,Haloarcula vallismortis
NC_020159,Halorubrum sodomense
NC_020083,Serratia sp. (in: enterobacteria)
NC_019519,Agrobacterium tumefaciens
NC_019521,Sphingomonas paucimobilis
NC_019704,Escherichia coli
NC_019909,Yersinia enterocolitica
NC_019912,Bacillus thuringiensis
NC_019913,Pseudomonas aeruginosa
NC_019914,Staphylococcus hominis
NC_019915,Staphylococcus capitis
NC_019916,Lactiplantibacillus plantarum
NC_019917,Burkholderia cenocepacia
NC_019918,Pseudomonas aeruginosa
NC_019924,Clostridium sporogenes
NC_019927,Cronobacter sakazakii
NC_019928,Helicobacter pylori
NC_019929,Erwinia amylovora
NC_019930,Nostocoides jenkinsii
NC_019931,Helicobacter pylori
NC_019932,Erwinia amylovora
NC_019933,Xanthomonas citri
NC_019934,Cronobacter sakazakii
NC_019935,Pseudomonas aeruginosa
NC_019813,Pseudomonas aeruginosa
NC_019705,Escherichia coli
NC_019706,Escherichia coli
NC_019707,Escherichia coli
NC_019708,Escherichia coli
NC_019709,Escherichia coli
NC_019710,Escherichia coli
NC_019711,Escherichia coli
NC_019713,Vibrio parahaemolyticus
NC_019714,Escherichia coli
NC_019715,Escherichia coli
NC_019716,Escherichia coli
NC_019717,Escherichia coli
NC_019718,Escherichia coli
NC_019719,Escherichia coli
NC_019720,Escherichia coli
NC_019721,Escherichia coli
NC_019722,Vibrio parahaemolyticus
NC_019723,Escherichia coli
NC_019724,Escherichia coli
NC_019726,Staphylococcus aureus
NC_019767,Escherichia coli
NC_019768,Escherichia coli
NC_019769,Escherichia coli
NC_019496,Clostridium perfringens
NC_019500,Escherichia coli
NC_019501,Escherichia coli
NC_019502,Bacillus thuringiensis
NC_019503,Escherichia coli
NC_019504,Erwinia amylovora
NC_019505,Escherichia coli
NC_019506,Clostridium perfringens
NC_019507,Campylobacter sp.
NC_019508,Clostridium perfringens
NC_019509,Cronobacter sakazakii
NC_019510,Erwinia amylovora
NC_019511,Staphylococcus aureus
NC_019512,Helicobacter pylori
NC_019513,Staphylococcus aureus
NC_019514,Erwinia amylovora
NC_019515,Bacillus cereus
NC_019517,Escherichia coli
NC_019518,Vibrio cholerae
NC_019520,Escherichia sp.
NC_019522,Pectobacterium carotovorum
NC_019523,Clostridium perfringens
NC_019525,Bdellovibrio bacteriovorus
NC_019526,Klebsiella sp.
NC_019527,Aeromonas salmonicida
NC_019528,Aeromonas salmonicida
NC_019529,Vibrio parahaemolyticus
NC_019530,Salmonella enterica
NC_019538,Aeromonas hydrophila
NC_019539,Salmonella enterica
NC_019540,Salinivibrio costicola
NC_019541,Acinetobacter baumannii
NC_019543,Aeromonas salmonicida
NC_019545,Salmonella enterica
NC_019548,Ralstonia solanacearum
NC_017674,Pseudomonas aeruginosa
NC_019442,Escherichia coli
NC_019445,Escherichia coli
NC_019446,Brucella abortus
NC_019447,Brucella melitensis
NC_019448,Staphylococcus aureus
NC_019449,Lactobacillus delbrueckii
NC_019450,Pseudomonas aeruginosa
NC_019451,Pseudomonas aeruginosa
NC_019452,Escherichia coli
NC_019453,Caulobacter vibrioides
NC_019454,Pantoea agglomerans
NC_019455,Glaesserella parasuis
NC_019456,Lactobacillus delbrueckii
NC_019457,Vibrio cholerae
NC_019485,Enterobacter cloacae
NC_019486,Lactobacillus sp.
NC_019488,Salmonella enterica
NC_019489,Lactobacillus sp.
NC_019490,Riemerella anatipestifer
NC_019398,Cronobacter sakazakii
NC_019399,Escherichia coli
NC_019400,Cronobacter sakazakii
NC_019401,Cronobacter sakazakii
NC_019402,Cronobacter sakazakii
NC_019403,Escherichia coli
NC_019404,Escherichia coli
NC_019405,Caulobacter vibrioides
NC_019406,Caulobacter vibrioides
NC_019407,Caulobacter vibrioides
NC_019408,Caulobacter vibrioides
NC_019410,Caulobacter vibrioides
NC_019411,Caulobacter vibrioides
NC_019414,Streptomyces coelicolor
NC_019416,Stenotrophomonas maltophilia
NC_019417,Salmonella sp.
NC_019418,Streptococcus suis
NC_019419,Escherichia coli
NC_019421,Clostridioides difficile
NC_019422,Clostridioides difficile
NC_019423,Escherichia coli
NC_018831,Listeria sp.
NC_018832,Providencia stuartii
NC_018834,Cutibacterium acnes
NC_018835,Escherichia coli
NC_018836,Streptomyces coelicolor
NC_018838,Cutibacterium acnes
NC_018839,Cutibacterium acnes
NC_018840,Cutibacterium acnes
NC_018841,Cutibacterium acnes
NC_018842,Cutibacterium acnes
NC_018843,Salmonella enterica
NC_018845,Cutibacterium acnes
NC_018846,Escherichia coli
NC_018847,Cutibacterium acnes
NC_018848,Streptomyces venezuelae
NC_018849,Cutibacterium acnes
NC_018850,Pseudomonas fluorescens
NC_018851,Cutibacterium acnes
NC_018852,Cutibacterium acnes
NC_018853,Streptomyces avermitilis
NC_018854,Escherichia coli
NC_018855,Escherichia coli
NC_018856,Bacillus cereus
NC_018857,Bacillus cereus
NC_018859,Escherichia coli
NC_018860,Bacillus cereus
NC_018861,Campylobacter jejuni
NC_018863,Bacillus cereus
NC_018452,Burkholderia cenocepacia
NC_018270,Weissella cibaria
NC_018273,Leuconostoc mesenteroides
NC_018274,Pseudomonas aeruginosa
NC_018276,Croceibacter atlanticus
NC_018278,Burkholderia ambifaria
NC_018280,Celeribacter marinus
NC_018281,Staphylococcus epidermidis
NC_018282,Pseudomonas aeruginosa
NC_018283,Burkholderia ambifaria
NC_018284,Staphylococcus epidermidis
NC_018277,Staphylococcus pasteuri
NC_018285,Streptococcus salivarius
NC_018264,Thermoanaerobacterium saccharolyticum
NC_017087,Halorubrum sp. SS5-4
NC_017088,Halorubrum sp. SP3-3
NC_017089,Halorubrum sp. SS7-4
NC_017090,Halogeometricum sp. CG-9
NC_018083,Clostridium perfringens
NC_018084,Clostridium perfringens
NC_018085,Bacillus thuringiensis
NC_018086,Enterococcus faecalis
NC_017974,Cronobacter sakazakii
NC_017976,Bacillus cereus
NC_017980,Clostridium perfringens
NC_017981,Xanthomonas vesicatoria
NC_017985,Salmonella sp.
NC_017971,Pseudomonas putida
NC_017972,Pseudomonas putida
NC_017968,Staphylococcus aureus
NC_017969,Escherichia coli
NC_017973,Mycolicibacterium smegmatis
NC_017978,Clostridium perfringens
NC_017983,Salisaeta sp. SP9-1
NC_017984,Acinetobacter baumannii
NC_017864,Pseudomonas aeruginosa
NC_017865,Pseudomonas aeruginosa
NC_017732,Enterococcus faecalis
NC_017688,Lactococcus lactis
NC_017695,Lactococcus lactis
NC_017696,Lactococcus lactis
NC_017698,Lactococcus lactis
NC_017702,Lactococcus lactis
NC_016899,Thermococcus prieurii
NC_016763,Salmonella enterica
NC_016770,Bacteroides fragilis
NC_016762,Pseudomonas aeruginosa
NC_016764,Pseudomonas tolaasii
NC_016765,Pseudomonas aeruginosa
NC_016766,Synechococcus sp. CB0101
NC_016767,Erwinia pyrifoliae
NC_016650,Rhodococcus globerulus
NC_016651,Rhodococcus rhodochrous
NC_016652,Prescottella equi
NC_016653,Rhodococcus erythropolis
NC_016654,Prescottella equi
NC_016655,Prescottella equi
NC_016569,Nocardia brasiliensis
NC_016570,Escherichia coli
NC_016656,Synechococcus sp. WH 8017
NC_016659,Prochlorococcus marinus
NC_016562,Campylobacter jejuni
NC_016563,Bacillus cereus
NC_016565,Staphylococcus aureus
NC_016568,Helicobacter pylori
NC_016571,Pseudomonas fluorescens
NC_016564,Planktothrix agardhii
NC_016566,Shigella sonnei
NC_015586,Stenotrophomonas maltophilia
NC_016071,Salmonella enterica
NC_016434,Gordonia terrae
NC_016435,Gordonia rubripertincta
NC_016162,Vibrio cholerae
NC_016163,Yersinia enterocolitica
NC_016166,Gordonia terrae
NC_016158,Escherichia coli
NC_016160,Escherichia coli
NC_016164,Synechococcus sp. CB0201
NC_016165,Rhodobacter capsulatus
NC_015938,Salmonella enterica
NC_015937,Thermus thermophilus
NC_015584,Mycolicibacterium smegmatis
NC_015585,Pantoea agglomerans
NC_015720,Gordonia terrae
NC_015721,Bdellovibrio bacteriovorus
NC_015568,Clostridioides difficile
NC_015209,Vibrio cholerae
NC_015464,Campylobacter jejuni
NC_015463,Synechococcus sp. CB0204
NC_015465,Synechococcus sp. CB0202
NC_015466,Roseobacter denitrificans
NC_015456,Shigella flexneri
NC_015457,Shigella flexneri
NC_015254,Brochothrix thermosphacta
NC_015252,Brochothrix thermosphacta
NC_015253,Brochothrix thermosphacta
NC_015263,Lactococcus lactis
NC_015265,Burkholderia cenocepacia
NC_015270,Enterococcus faecalis
NC_015273,Burkholderia ambifaria
NC_015274,Streptococcus pneumoniae
NC_015293,Pseudoalteromonas sp. H105
NC_015297,Ralstonia solanacearum
NC_015279,Synechococcus sp. WH 8017
NC_015280,Prochlorococcus marinus
NC_015281,Parasynechococcus marenigrum
NC_015282,Synechococcus sp. WH 6501
NC_015283,Prochlorococcus marinus
NC_015284,Prochlorococcus marinus
NC_015285,Synechococcus sp. WH 7803
NC_015286,Synechococcus sp. WH 8109
NC_015287,Synechococcus sp. WH 8109
NC_015288,Synechococcus sp. WH 8101
NC_015289,Parasynechococcus marenigrum
NC_015294,Pseudomonas aeruginosa
NC_015296,Salmonella enterica
NC_015269,Salmonella enterica
NC_015271,Salmonella enterica
NC_015249,Escherichia coli
NC_015250,Acinetobacter johnsonii
NC_015251,Aeromonas salmonicida
NC_015262,Clostridioides difficile
NC_015264,Pseudomonas fluorescens
NC_015210,Tsukamurella paurometabola
NC_015157,Vibrio cholerae
NC_015158,Vibrio cholerae
NC_015159,Vibrio cholerae
NC_014900,Salmonella enterica
NC_014901,Mycolicibacterium smegmatis
NC_014792,Escherichia coli
NC_014661,Acinetobacter johnsonii
NC_014662,Escherichia coli
NC_014663,Acinetobacter johnsonii
NC_014635,Aeromonas salmonicida
NC_014636,Aeromonas salmonicida
NC_014595,Shigella sonnei
NC_014460,Staphylococcus aureus
NC_014467,Escherichia coli
NC_014458,Mycolicibacterium smegmatis
NC_014461,Mycolicibacterium smegmatis
NC_014260,Escherichia coli
NC_014229,Streptomyces avermitilis
NC_014099,Sulfolobus sp. G4ST-2
NC_014036,Klebsiella pneumoniae
NC_013936,Mycolicibacterium smegmatis
NC_013758,Haloarcula hispanica
NC_013649,Klebsiella pneumoniae
NC_013691,Pseudomonas aeruginosa
NC_013692,Pseudomonas aeruginosa
NC_013693,Shigella boydii
NC_013694,Mycolicibacterium smegmatis
NC_013696,Enterococcus faecalis
NC_013697,Delftia acidovorans
NC_013698,Clavibacter michiganensis
NC_013643,Enterococcus faecalis
NC_013644,Enterococcus faecalis
NC_013645,Streptococcus thermophilus
NC_013646,Enterococcus faecalis
NC_013647,Klebsiella pneumoniae
NC_013648,Enterococcus faecalis
NC_013650,Mycolicibacterium smegmatis
NC_013594,Escherichia coli
NC_013638,Pseudomonas fluorescens
NC_013597,Aggregatibacter actinomycetemcomitans
NC_013598,Streptococcus thermophilus
NC_013599,Xylella fastidiosa
NC_013600,Sodalis glossinidius
NC_013585,Acidianus brierleyi
NC_013587,Sulfolobus sp. G4ST-T-11
NC_013588,Sulfolobus sp. G4T-1
NC_013420,Streptomyces sp. ZL12
NC_013195,Staphylococcus aureus
NC_013197,Thermus thermophilus
NC_013152,Lactococcus lactis
NC_013153,Lactococcus lactis
NC_013154,Lactococcus lactis
NC_013155,Lactococcus lactis
NC_013059,Salmonella enterica
NC_013055,Burkholderia pseudomallei
NC_013021,Prochlorococcus marinus
NC_012868,Escherichia coli
NC_012788,Mycolicibacterium smegmatis
NC_012784,Staphylococcus aureus
NC_012756,Streptococcus oralis
NC_012757,Vibrio cholerae
NC_012743,Burkholderia cenocepacia
NC_012749,Escherichia coli
NC_012753,Streptococcus thermophilus
NC_012740,Escherichia coli
NC_012741,Escherichia coli
NC_012742,Xanthomonas campestris
NC_012696,Sulfitobacter sp. EE-36
NC_012697,Ruegeria pomeroyi
NC_012662,Vibrio parahaemolyticus
NC_012663,Lactococcus lactis
NC_012558,Halorubrum sp. PV6
NC_012418,Pseudomonas aeruginosa
NC_012419,Enterococcus faecalis
NC_012223,Escherichia coli
NC_012091,Pseudomonas syringae
NC_012092,Pseudomonas syringae
NC_012093,Pseudomonas syringae
NC_012027,Mycolicibacterium smegmatis
NC_011976,Salmonella enterica
NC_011801,Lactobacillus jensenii
NC_011802,Salmonella enterica
NC_011811,Erwinia amylovora
NC_011810,Pseudomonas aeruginosa
NC_011756,Pseudomonas aeruginosa
NC_011611,Pseudomonas aeruginosa
NC_011613,Pseudomonas aeruginosa
NC_011612,Staphylococcus aureus
NC_011614,Staphylococcus aureus
NC_011589,Stenotrophomonas maltophilia
NC_011534,Kluyvera cryocrescens
NC_011523,Bacillus anthracis
NC_011421,Bacillus subtilis
NC_011398,Clostridioides difficile
NC_011373,Pseudomonas aeruginosa
NC_011357,Escherichia coli
NC_011356,Escherichia coli
NC_011344,Staphylococcus aureus
NC_011318,Clostridium perfringens
NC_011285,Mycolicibacterium smegmatis
NC_011287,Mycolicibacterium smegmatis
NC_011288,Mycolicibacterium smegmatis
NC_011289,Mycolicibacterium smegmatis
NC_011290,Mycolicibacterium smegmatis
NC_011291,Mycolicibacterium smegmatis
NC_011292,Mycolicibacterium smegmatis
NC_011267,Mycobacterium sp.
NC_011273,Mycolicibacterium smegmatis
NC_011222,Bacteroides fragilis
NC_011216,Burkholderia cenocepacia
NC_011201,Ralstonia solanacearum
NC_011165,Pseudomonas aeruginosa
NC_011166,Pseudomonas aeruginosa
NC_011167,Bacillus thuringiensis
NC_011142,Iodobacter sp. CdM7
NC_011104,Lacticaseibacillus rhamnosus
NC_011105,Pseudomonas aeruginosa
NC_011107,Pseudomonas aeruginosa
NC_011055,Mycobacterium sp.
NC_011056,Mycobacterium sp.
NC_011057,Mycobacterium sp.
NC_011038,Yersinia pestis
NC_011039,Mycolicibacterium smegmatis
NC_011040,Escherichia coli
NC_011041,Escherichia coli
NC_011042,Escherichia coli
NC_011043,Klebsiella sp. 390
NC_011044,Mycolicibacterium smegmatis
NC_011045,Escherichia coli
NC_011048,Bacillus subtilis
NC_011019,Mycobacterium sp.
NC_011020,Mycobacterium sp.
NC_011021,Mycobacterium sp.
NC_011022,Mycobacterium sp.
NC_011023,Mycobacterium sp.
NC_010945,Streptococcus gordonii
NC_010821,Pseudomonas chlororaphis
NC_010807,Salmonella enterica
NC_010808,Staphylococcus aureus
NC_010576,Lactococcus lactis
NC_010583,Escherichia coli
NC_010537,Acidianus uzoniensis
NC_010237,Escherichia coli
NC_010495,Salmonella enterica
NC_010363,Lactococcus lactis
NC_010355,Azospirillum brasilense
NC_010353,Streptococcus thermophilus
NC_010342,Vreelandella aquamarina
NC_010324,Escherichia coli
NC_010325,Pseudomonas aeruginosa
NC_010326,Pseudomonas aeruginosa
NC_010179,Lactobacillus johnsonii
NC_010152,Acidianus convivator
NC_010153,Acidianus convivator
NC_010154,Acidianus convivator
NC_010147,Staphylococcus aureus
NC_010116,Pseudomonas aeruginosa
NC_010105,Escherichia coli
NC_010106,Escherichia coli
NC_009987,Spiroplasma kunkelii
NC_009990,Thalassotalea loyana
NC_009993,Mycolicibacterium smegmatis
NC_009965,Acidianus sp. Acii26
NC_009935,Pseudomonas aeruginosa
NC_009936,Pseudomonas aeruginosa
NC_009904,Enterococcus faecalis
NC_009884,Acidianus pozzuoliensis
NC_009818,Pseudomonas aeruginosa
NC_009877,Mycobacterium sp.
NC_009875,Staphylococcus aureus
NC_009810,Listeria monocytogenes
NC_009811,Listeria monocytogenes
NC_009812,Listeria monocytogenes
NC_009813,Listeria monocytogenes
NC_009814,Listeria monocytogenes
NC_009815,Listeria monocytogenes
NC_009816,Corynebacterium glutamicum
NC_009817,Lactococcus lactis
NC_009819,Streptococcus equi
NC_009820,Mycolicibacterium smegmatis
NC_009821,Escherichia coli
NC_009803,Thermus thermophilus
NC_009804,Thermus thermophilus
NC_009760,Bacillus thuringiensis
NC_009737,Bacillus sp. 6k512
NC_009643,Actinomyces naeslundii
NC_009603,Microbacterium nematophilum
NC_009604,Burkholderia cenocepacia
NC_009597,Pyrococcus abyssi
NC_009551,Leptolyngbya foveolarum
NC_009554,Lactobacillus delbrueckii
NC_009540,Escherichia coli
NC_009541,Cutibacterium acnes
NC_009542,Aeromonas media
NC_009543,Xanthomonas oryzae
NC_009526,Staphylococcus aureus
NC_009531,Synechococcus sp. WH 8109
NC_009514,Escherichia coli
NC_009452,Acidianus convivator
NC_009447,Burkholderia cepacia
NC_009382,Ralstonia solanacearum
NC_009234,Burkholderia thailandensis
NC_009235,Burkholderia pseudomallei
NC_009236,Burkholderia pseudomallei
NC_009237,Burkholderia thailandensis
NC_009014,Erwinia amylovora
NC_009015,Burkholderia ambifaria
NC_009016,Vibrio parahaemolyticus
NC_009018,Streptococcus dysgalactiae
NC_008798,Staphylococcus aureus
NC_008799,Staphylococcus aureus
NC_008717,Pseudomonas aeruginosa
NC_008720,Escherichia coli
NC_008721,Streptococcus suis
NC_008722,Staphylococcus epidermidis
NC_008723,Staphylococcus epidermidis
NC_008694,Yersinia pestis
NC_008689,Staphylococcus aureus
NC_008575,Ralstonia solanacearum
NC_008464,Escherichia coli
NC_008376,Geobacillus sp. 6k51
NC_008370,Lactococcus lactis
NC_008371,Lactococcus lactis
NC_008363,Lactococcus lactis
NC_008364,Lactococcus lactis
NC_008296,Synechococcus sp. WH 8012
NC_008265,Clostridium perfringens
NC_008206,Mycobacterium sp.
NC_008193,Pasteurella multocida
NC_008201,Mannheimia haemolytica
NC_008208,Aeromonas salmonicida
NC_007967,Kitasatospora aureofaciens
NC_007917,Clostridioides difficile
NC_007924,Lactobacillus gasseri
NC_007914,Haloarcula hispanica
NC_007918,Haloarcula hispanica
NC_007817,Escherichia coli
NC_007821,Escherichia coli
NC_007856,Escherichia coli
NC_007902,Sodalis glossinidius
NC_007804,Escherichia coli
NC_007805,Pseudomonas aeruginosa
NC_007806,Pseudomonas aeruginosa
NC_007807,Pseudomonas aeruginosa
NC_007808,Pseudomonas aeruginosa
NC_007809,Pseudomonas aeruginosa
NC_007810,Pseudomonas aeruginosa
NC_007814,Bacillus anthracis
NC_007734,Bacillus anthracis
NC_007637,Escherichia coli
NC_007623,Pseudomonas aeruginosa
NC_007610,Listeria monocytogenes
NC_007603,Escherichia coli
NC_007581,Clostridium botulinum
NC_007501,Lacticaseibacillus rhamnosus
NC_007497,Burkholderia cepacia
NC_007456,Escherichia coli
NC_007458,Bacillus cereus
NC_007461,Chlamydia abortus
NC_007409,Acidianus convivator
NC_007291,Escherichia coli
NC_007217,Haloarcula hispanica
NC_007189,Stenotrophomonas maltophilia
NC_007145,Burkholderia pseudomallei
NC_007046,Staphylococcus aureus
NC_007048,Staphylococcus aureus
NC_007049,Staphylococcus aureus
NC_007050,Staphylococcus aureus
NC_007051,Staphylococcus aureus
NC_007052,Staphylococcus aureus
NC_007053,Staphylococcus aureus
NC_007054,Staphylococcus aureus
NC_007055,Staphylococcus aureus
NC_007056,Staphylococcus aureus
NC_007057,Staphylococcus aureus
NC_007058,Staphylococcus aureus
NC_007059,Staphylococcus aureus
NC_007060,Staphylococcus aureus
NC_007061,Staphylococcus aureus
NC_007062,Staphylococcus aureus
NC_007063,Staphylococcus aureus
NC_007064,Staphylococcus aureus
NC_007065,Staphylococcus aureus
NC_007066,Staphylococcus aureus
NC_007019,Streptococcus thermophilus
NC_007021,Staphylococcus aureus
NC_007022,Aeromonas salmonicida
NC_007024,Xanthomonas hortorum
NC_006936,Lactiplantibacillus plantarum
NC_006940,Salmonella enterica
NC_006945,Bacillus thuringiensis
NC_006949,Salmonella enterica
NC_006953,Vibrio pelagius
NC_006884,Prochlorococcus marinus
NC_006548,Pseudomonas aeruginosa
NC_006552,Pseudomonas aeruginosa
NC_006556,Thermoproteus tenax
NC_006557,Evansella clarkii
NC_006565,Lactiplantibacillus plantarum
NC_006356,Flavobacterium sp.
NC_006294,Vibrio cholerae
NC_006268,Sulfolobus tengchongensis
NC_005948,Vibrio parahaemolyticus
NC_005949,Vibrio parahaemolyticus
NC_005879,Vibrio cholerae
NC_005880,Staphylococcus aureus
NC_005884,Pseudomonas aeruginosa
NC_005885,Actinoplanes sp. SN223/29
NC_005887,Burkholderia cepacia
NC_005891,Vibrio cholerae
NC_005892,Saccharolobus solfataricus
NC_005893,Lacticaseibacillus casei
NC_005872,Pyrobaculum sp. D11
NC_005856,Escherichia coli
NC_005857,Klebsiella oxytoca
NC_005859,Escherichia coli
NC_005841,Salmonella enterica
NC_005830,Acidianus infernus
NC_005822,Lactococcus cremoris
NC_005360,Sulfolobus sp.
NC_005361,Sulfolobus sp.
NC_005354,Lactobacillus johnsonii
NC_005355,Lactobacillus johnsonii
NC_005356,Staphylococcus aureus
NC_005357,Bordetella bronchiseptica
NC_005342,Burkholderia cepacia
NC_005344,Shigella flexneri
NC_005345,Streptomyces venezuelae
NC_005294,Streptococcus pneumoniae
NC_005284,Burkholderia pseudomallei
NC_005258,Bacillus thuringiensis
NC_005260,Aeromonas hydrophila
NC_005263,Burkholderia cenocepacia
NC_005178,Pseudomonas aeruginosa
NC_005135,Aeromonas salmonicida
NC_005131,Ralstonia pickettii
NC_005091,Burkholderia cepacia
NC_005083,Vibrio parahaemolyticus
NC_005069,Yersinia enterocolitica
NC_005066,Escherichia coli
NC_005056,Escherichia coli
NC_005045,Pseudomonas aeruginosa
NC_004996,Streptococcus mitis
NC_004928,Escherichia coli
NC_004913,Escherichia coli
NC_004914,Escherichia coli
NC_004902,Xanthomonas oryzae
NC_004831,Salmonella enterica
NC_004827,Aggregatibacter actinomycetemcomitans
NC_004813,Escherichia coli
NC_004777,Yersinia pestis
NC_004745,Yersinia pestis
NC_004736,Vibrio cholerae
NC_004740,Staphylococcus aureus
NC_004735,Rhodothermus marinus
NC_004679,Staphylococcus aureus
NC_004664,Streptomyces lividans
NC_004665,Pseudomonas putida
NC_004615,Staphylococcus aureus
NC_004616,Staphylococcus aureus
NC_004617,Staphylococcus aureus
NC_004589,Streptococcus pyogenes
NC_004462,Thermus thermophilus
NC_004456,Vibrio harveyi
NC_004348,Salmonella enterica
NC_004333,Burkholderia cepacia
NC_004313,Salmonella enterica
NC_004084,Natrialba magadii
NC_004066,Lactococcus lactis
NC_003907,Vibrio parahaemolyticus
NC_003524,Clostridium perfringens
NC_003460,Propionibacterium freudenreichii
NC_003356,Escherichia coli
NC_003324,Sinorhizobium meliloti
NC_003327,Vibrio cholerae
NC_003311,Vibrio cholerae
NC_003309,Burkholderia thailandensis
NC_003291,Listeria monocytogenes
NC_003298,Escherichia coli
NC_004173,Pseudomonas syringae
NC_003085,Myxococcus xanthus
NC_004175,Pseudomonas syringae
NC_004174,Pseudomonas syringae
NC_002796,Lactococcus lactis
NC_003315,Haemophilus influenzae
NC_002747,Lactococcus lactis
NC_002730,Escherichia coli
NC_002700,Acinetobacter higginsii
NC_002666,Lactococcus lactis
NC_002667,Lactococcus lactis
NC_002668,Lactococcus lactis
NC_002661,Staphylococcus aureus
NC_002656,Mycolicibacterium smegmatis
NC_002643,Bdellovibrio bacteriovorus
NC_002515,Mycoplasmopsis pulmonis
NC_004170,Pseudomonas syringae
NC_004171,Pseudomonas syringae
NC_004172,Pseudomonas syringae
NC_002486,Staphylococcus aureus
NC_003288,Staphylococcus aureus
NC_002363,Vibrio parahaemolyticus
NC_002371,Salmonella enterica
NC_002362,Vibrio parahaemolyticus
NC_002194,Chlamydia psittaci
NC_003299,Pseudomonas syringae
NC_003300,Pseudomonas syringae
NC_003301,Pseudomonas syringae
NC_002185,Streptococcus thermophilus
NC_002180,Chlamydia pneumoniae
NC_002167,Escherichia coli
NC_001271,Yersinia enterocolitica
NC_004112,Lacticaseibacillus casei
NC_000929,Escherichia coli
NC_000902,Escherichia coli
NC_003216,Listeria monocytogenes
NC_000896,Lactobacillus gasseri
NC_000871,Streptococcus thermophilus
NC_000872,Streptococcus thermophilus
NC_000866,Escherichia coli
NC_002703,Lactococcus lactis
NC_000924,Escherichia coli
NC_002072,Streptococcus thermophilus
NC_003313,Vibrio cholerae
NC_003387,Mycobacterium avium
NC_001998,Chlamydia psittaci
NC_003278,Pseudomonas aeruginosa
NC_001956,Vibrio cholerae
NC_001954,Escherichia coli
NC_001942,Metamycoplasma arthritidis
NC_002321,Staphylococcus aureus
NC_001902,Methanothermobacter thermautotrophicus
NC_001895,Escherichia coli
NC_001890,Escherichia coli
NC_001884,Bacillus subtilis
NC_004306,Vibrio cholerae
NC_003444,Shigella flexneri
NC_001835,Lactococcus lactis
NC_002649,Bacillus sp. (in: firmicutes)
NC_004165,Bacillus subtilis
NC_004302,Lactococcus lactis
NC_003793,Spiroplasma citri
NC_001825,Streptococcus pneumoniae
NC_001628,Pseudomonas aeruginosa
NC_001447,Acholeplasma laidlawii
NC_001416,Escherichia coli
NC_001418,Pseudomonas aeruginosa
NC_001423,Bacillus subtilis
NC_001741,Chlamydia psittaci
NC_003714,Pseudomonas savastanoi
NC_003715,Pseudomonas savastanoi
NC_003716,Pseudomonas savastanoi
NC_001396,Xanthomonas campestris
NC_001330,Escherichia coli
NC_001331,Pseudomonas aeruginosa
NC_001341,Acholeplasma laidlawii
NC_001609,Escherichia coli
NC_001365,Spiroplasma citri
NC_001332,Escherichia coli
NC_002014,Escherichia coli
NC_001604,Escherichia coli
NC_003287,Escherichia coli
